epoch,Loss-BCE,Train_Accuracy,Train_Sensitivity,Train_Specificity,Train_F1-Score,Train_VPP,lr,Val_Accuracy,Val_Sensitivity,Val_Specificity,Val_F1-Score,Val_BCE-Loss,Val_VPP
0,0.6344406604766846,0.6684194803237915,0.6843395233154297,0.6571651101112366,0.5657438039779663,0.5096457004547119,0.001,0.5345982313156128,0.7398010492324829,0.27496203780174255,0.4731574058532715,0.6890557408332825,0.3621782958507538
1,0.5751473903656006,0.698317289352417,0.7168185710906982,0.6953859925270081,0.6153311133384705,0.5556718111038208,0.0009999383779245895,0.5401785969734192,0.827420175075531,0.26183852553367615,0.5048301815986633,0.7121128439903259,0.37906959652900696
2,0.5644293427467346,0.7055288553237915,0.7115500569343567,0.7076225876808167,0.6164196729660034,0.5587063431739807,0.000999753526902683,0.625,0.6768946051597595,0.4301326870918274,0.48267751932144165,0.6329950094223022,0.3853873312473297
3,0.5546865463256836,0.7086839079856873,0.7366775274276733,0.697435736656189,0.6298241019248962,0.5617735385894775,0.0009994454925435043,0.6216517686843872,0.641243040561676,0.4529125690460205,0.470260888338089,0.6331510543823242,0.3823715150356293
4,0.5609285235404968,0.698317289352417,0.7233507633209229,0.688923716545105,0.6162655353546143,0.5508464574813843,0.000999014350849922,0.4564732015132904,0.8483796119689941,0.1581989824771881,0.4825022518634796,0.7756843566894531,0.35910436511039734
5,0.5496938228607178,0.7004206776618958,0.7375255227088928,0.6859516501426697,0.6225841045379639,0.5549110770225525,0.0009984602081996978,0.4642857015132904,0.8191260099411011,0.16252443194389343,0.47234800457954407,0.7096832394599915,0.3516259491443634
6,0.5434792637825012,0.71484375,0.7361815571784973,0.7062111496925354,0.6331419348716736,0.5693358778953552,0.0009977832013192388,0.7154017686843872,0.19550170004367828,0.9613232612609863,0.2717650830745697,0.5769137144088745,0.5151283144950867
7,0.5376090407371521,0.72265625,0.7458359599113464,0.7137965559959412,0.6434897184371948,0.5788215398788452,0.0009969834972498627,0.7276785969734192,0.4891197085380554,0.7118872404098511,0.4577333629131317,0.5710398554801941,0.44882339239120483
8,0.5369493365287781,0.7211538553237915,0.734376847743988,0.7192537784576416,0.6389556527137756,0.5765851140022278,0.000996061293306582,0.7232142686843872,0.4020776152610779,0.8043531775474548,0.42079558968544006,0.5696440935134888,0.45816150307655334
9,0.5318408608436584,0.7205528616905212,0.7480312585830688,0.7086153626441956,0.6410157084465027,0.5744243264198303,0.0009950168170294207,0.75,0.5350234508514404,0.7283616662025452,0.5027447938919067,0.5843209028244019,0.4895467162132263
10,0.5253741145133972,0.7282151579856873,0.7292276620864868,0.7315890192985535,0.6436361074447632,0.5884599089622498,0.0009938503261272716,0.7689732313156128,0.4728420674800873,0.8225471377372742,0.48456937074661255,0.5481076240539551,0.5157314538955688
11,0.5268915891647339,0.7282151579856873,0.7354661226272583,0.7289011478424072,0.6445732712745667,0.587535560131073,0.0009925621084143099,0.6897321343421936,0.6128328442573547,0.5624722242355347,0.4938921332359314,0.6236777305603027,0.42603573203086853
12,0.5185638666152954,0.7288160920143127,0.7384404540061951,0.7299384474754333,0.6451699733734131,0.5883904099464417,0.0009911524817389804,0.6785714030265808,0.5658249258995056,0.5694295763969421,0.4576571583747864,0.5908364653587341,0.404572457075119
13,0.5204849243164062,0.7265625,0.7274485230445862,0.728443443775177,0.6392828226089478,0.5844175219535828,0.0009896217939055723,0.5959821343421936,0.709499716758728,0.3348318040370941,0.477815717458725,0.6449158787727356,0.36875465512275696
14,0.5120694637298584,0.7337740659713745,0.7443497776985168,0.7294386625289917,0.6517319083213806,0.5905171632766724,0.0009879704225884047,0.7310267686843872,0.4471721351146698,0.7683468461036682,0.4345274269580841,0.5734256505966187,0.43357548117637634
15,0.5114709138870239,0.7271634340286255,0.7528164386749268,0.7199169993400574,0.6489056348800659,0.5856694579124451,0.0009861987752386398,0.6685267686843872,0.650020182132721,0.5101035833358765,0.5023230910301208,0.6080870032310486,0.4178449511528015
16,0.5115386843681335,0.7288160920143127,0.7511425018310547,0.7212395071983337,0.6506839394569397,0.5853322148323059,0.0009843072889837514,0.6350446343421936,0.7423660159111023,0.41983726620674133,0.512744665145874,0.6078602075576782,0.4032319188117981
17,0.5107032656669617,0.7360276579856873,0.7524148225784302,0.7329353094100952,0.6554114818572998,0.5938379168510437,0.0009822964305196704,0.7421875,0.4784187376499176,0.7689868211746216,0.47624239325523376,0.5912186503410339,0.48813727498054504
18,0.5035660266876221,0.7316706776618958,0.7648450136184692,0.719035804271698,0.6561410427093506,0.5872771143913269,0.0009801666959956333,0.6350446343421936,0.6505505442619324,0.5133674740791321,0.5008960366249084,0.6406265497207642,0.4329701364040375
19,0.5051937103271484,0.737379789352417,0.7561674118041992,0.7329838275909424,0.6590608358383179,0.5993344783782959,0.0009779186108917661,0.7734375,0.5144109725952148,0.7932031750679016,0.5064688920974731,0.5809493660926819,0.5327750444412231
20,0.4993551969528198,0.7400841116905212,0.7415913343429565,0.7434682250022888,0.6565345525741577,0.6023579835891724,0.0009755527298894296,0.6785714030265808,0.570185661315918,0.5739969611167908,0.461837500333786,0.5910040140151978,0.41201281547546387
21,0.5023290514945984,0.7423377633094788,0.754413902759552,0.7404844760894775,0.6619002819061279,0.6062107682228088,0.0009730696367343592,0.7890625,0.4908275008201599,0.8405464887619019,0.511319100856781,0.5630475878715515,0.5591171979904175
22,0.49278321862220764,0.735426664352417,0.767663836479187,0.723138153553009,0.6601225137710571,0.5920065641403198,0.0009704699440926359,0.6238839030265808,0.7127151489257812,0.4107206165790558,0.502076268196106,0.6179044842720032,0.39716246724128723
23,0.49879270792007446,0.744140625,0.7548503279685974,0.7426738142967224,0.6628144979476929,0.602355420589447,0.0009677542933995191,0.6540178656578064,0.6649790406227112,0.47552576661109924,0.48887500166893005,0.5839158892631531,0.39731812477111816
24,0.49736344814300537,0.7381309866905212,0.7708138227462769,0.7270373106002808,0.6627233028411865,0.5971384644508362,0.0009649233547011819,0.5747767686843872,0.7560983896255493,0.29561981558799744,0.4893755316734314,0.6746207475662231,0.3727762997150421
25,0.492937296628952,0.7478966116905212,0.7583483457565308,0.7461701035499573,0.668056845664978,0.6094025373458862,0.000961977826489388,0.7589285969734192,0.5611253380775452,0.7405034303665161,0.5081815123558044,0.5618752241134644,0.4908061921596527
26,0.4888657033443451,0.7415865659713745,0.7582875490188599,0.7355619072914124,0.6635773181915283,0.5992083549499512,0.0009589184355291488,0.7243303656578064,0.6321175694465637,0.620062530040741,0.5225009918212891,0.5963098406791687,0.46358057856559753
27,0.4874984622001648,0.7475961446762085,0.7695157527923584,0.7393226623535156,0.671127200126648,0.6070341467857361,0.0009557459366794051,0.7410714030265808,0.21965506672859192,0.9856031537055969,0.31946033239364624,0.5702647566795349,0.6181449890136719
28,0.48726752400398254,0.748046875,0.7648880481719971,0.7428483366966248,0.6695390343666077,0.6087468266487122,0.000952461112706777,0.7622767686843872,0.49115315079689026,0.7831866145133972,0.4900219142436981,0.5641726851463318,0.5106762647628784
29,0.484658420085907,0.7492488026618958,0.7714735269546509,0.7428900599479675,0.672147810459137,0.6085770130157471,0.0009490647740924278,0.6473214030265808,0.663928210735321,0.44750186800956726,0.48365598917007446,0.6061042547225952,0.3920557498931885
30,0.4869118332862854,0.7474459409713745,0.7648558020591736,0.7428719997406006,0.6696408987045288,0.6071840524673462,0.00094555775883209,0.7578125,0.514164388179779,0.7693694233894348,0.4965454041957855,0.5634084939956665,0.4950339198112488
31,0.48184508085250854,0.748948335647583,0.7596195936203003,0.7478923201560974,0.6691328287124634,0.6108668446540833,0.0009419409322293028,0.5859375,0.7618613243103027,0.30977147817611694,0.498271644115448,0.6465893983840942,0.3811360001564026
32,0.48238351941108704,0.753004789352417,0.7811998724937439,0.7436431050300598,0.6784712672233582,0.6128451824188232,0.0009382151866819101,0.7779017686843872,0.43141302466392517,0.8539831042289734,0.46944332122802734,0.5596486330032349,0.5471752285957336
33,0.47940704226493835,0.7484976053237915,0.7721790671348572,0.743996262550354,0.6727161407470703,0.6106195449829102,0.0009343814414618769,0.8058035969734192,0.45858460664749146,0.9096783995628357,0.5156847834587097,0.5490618348121643,0.6041131019592285
34,0.47747501730918884,0.7512019276618958,0.7651401162147522,0.7483346462249756,0.6718606352806091,0.6103111505508423,0.0009304406424884702,0.7845982313156128,0.48794397711753845,0.834908127784729,0.49949124455451965,0.5366958379745483,0.5372674465179443
35,0.4724549949169159,0.7599158883094788,0.7766328454017639,0.7552893757820129,0.6861305236816406,0.6280145645141602,0.0009263937620948695,0.6462053656578064,0.7335769534111023,0.41000184416770935,0.5107898116111755,0.6121591925621033,0.399398535490036
36,0.46913832426071167,0.7552584409713745,0.7836180329322815,0.7439535856246948,0.681972086429596,0.617304265499115,0.000922241798788257,0.546875,0.7820348143577576,0.254947692155838,0.4926814138889313,0.7146033644676208,0.37361058592796326
37,0.4702560305595398,0.75390625,0.7824111580848694,0.7434629201889038,0.6809343099594116,0.6146140098571777,0.0009179857770034514,0.7522321343421936,0.5337634682655334,0.747778594493866,0.4992932975292206,0.5663101077079773,0.4795246720314026
38,0.4715978503227234,0.7578125,0.7803266048431396,0.7508367896080017,0.682718813419342,0.6180012226104736,0.000913626746850144,0.765625,0.5041804313659668,0.7959226369857788,0.5011770129203796,0.5701894164085388,0.5351969599723816
39,0.47230440378189087,0.7561598420143127,0.7904101610183716,0.7435607314109802,0.6843518614768982,0.6161550283432007,0.0009091657838537996,0.765625,0.5232792496681213,0.7807427644729614,0.512832522392273,0.5699740648269653,0.5314483642578125
40,0.46144378185272217,0.7687800526618958,0.7706976532936096,0.7712957859039307,0.6904401183128357,0.6351037621498108,0.0009046039886902867,0.7555803656578064,0.591957151889801,0.7066417932510376,0.5250397324562073,0.5529977679252625,0.48491171002388
41,0.46281230449676514,0.7584134340286255,0.7717926502227783,0.7557394504547119,0.6811643838882446,0.6204314827919006,0.0008999424869143022,0.6997767686843872,0.6438763737678528,0.5655454993247986,0.5080334544181824,0.5745490193367004,0.43284207582473755
42,0.4601430296897888,0.7638221383094788,0.770409882068634,0.7664778828620911,0.6859038472175598,0.6324907541275024,0.0008951824286816577,0.6640625,0.7116718292236328,0.48656001687049866,0.5279179215431213,0.6026555299758911,0.43060603737831116
43,0.464096337556839,0.762620210647583,0.7861832976341248,0.7579300403594971,0.6875482797622681,0.6262298822402954,0.0008903249884654961,0.5948660969734192,0.735108494758606,0.33517909049987793,0.49118876457214355,0.6454602479934692,0.3801591098308563
44,0.4533708691596985,0.7687800526618958,0.7935158610343933,0.7604185938835144,0.6985874176025391,0.634850263595581,0.0008853713647665072,0.7131696343421936,0.6478596329689026,0.5888963341712952,0.5274681448936462,0.5670450329780579,0.4560030996799469
45,0.45391178131103516,0.76953125,0.7903586626052856,0.7627023458480835,0.6977466940879822,0.6341314911842346,0.000880322779817216,0.6060267686843872,0.7591090798377991,0.3402676582336426,0.5081989169120789,0.6424933075904846,0.39061257243156433
46,0.44991248846054077,0.770582914352417,0.7888373136520386,0.7627172470092773,0.697452962398529,0.6358128190040588,0.0008751804792804151,0.7165178656578064,0.655450701713562,0.5962287187576294,0.5353149771690369,0.5730655789375305,0.46088963747024536
47,0.45062878727912903,0.7735877633094788,0.7904905080795288,0.7691462635993958,0.699981689453125,0.6389334797859192,0.000869945731941816,0.7332589030265808,0.5822790861129761,0.6835340261459351,0.5241262912750244,0.5578538179397583,0.48573628067970276
48,0.4557010233402252,0.7683293223381042,0.7934293150901794,0.760015070438385,0.6961982250213623,0.6308383345603943,0.0008646198293969955,0.7857142686843872,0.43237021565437317,0.8835927844047546,0.48584723472595215,0.5669236183166504,0.5748279690742493
49,0.44882333278656006,0.776442289352417,0.8008406162261963,0.7681408524513245,0.7063640356063843,0.642959475517273,0.0008592040857327133,0.7979910969734192,0.4398009479045868,0.9081209301948547,0.4973349869251251,0.530022382736206,0.5936500430107117
50,0.43801915645599365,0.772536039352417,0.7947384715080261,0.7639681696891785,0.7020872831344604,0.6367835998535156,0.0008536998372026809,0.4754464328289032,0.8280873894691467,0.1644476354122162,0.48032039403915405,0.7606545686721802,0.3563169538974762
51,0.44051826000213623,0.7786959409713745,0.801541268825531,0.7711913585662842,0.7093187570571899,0.6457850933074951,0.0008481084418978613,0.5368303656578064,0.7709928154945374,0.24915781617164612,0.4831964373588562,0.6954097747802734,0.364432156085968
52,0.44030526280403137,0.7774940133094788,0.8015527129173279,0.7695761322975159,0.7064001560211182,0.6425999402999878,0.0008424312794113804,0.7890625,0.47981563210487366,0.8541122078895569,0.5067415833473206,0.5297901034355164,0.5543238520622253
53,0.43672677874565125,0.786057710647583,0.7916721701622009,0.7859719395637512,0.7128596901893616,0.6581416726112366,0.000836669750498132,0.734375,0.600195586681366,0.6597553491592407,0.5141438245773315,0.5586708784103394,0.46503573656082153
54,0.4305977523326874,0.7857571840286255,0.7997016906738281,0.7834023237228394,0.715269923210144,0.6586537957191467,0.0008308252767291643,0.578125,0.800508439540863,0.3125143349170685,0.5123734474182129,0.6767230033874512,0.3911217749118805
55,0.4305673837661743,0.7854567170143127,0.8066918253898621,0.7797425389289856,0.7151337265968323,0.6539347767829895,0.000824899300140927,0.7243303656578064,0.6683984398841858,0.587996780872345,0.523272693157196,0.5626769065856934,0.4416337013244629
56,0.42635706067085266,0.7804988026618958,0.8082877397537231,0.7694947719573975,0.710576593875885,0.6442410349845886,0.0008188932828794707,0.8013392686843872,0.4496052861213684,0.9212207198143005,0.5152000784873962,0.5336127281188965,0.6242252588272095
57,0.4296399652957916,0.7865084409713745,0.809819221496582,0.7816223502159119,0.7166219353675842,0.6605815291404724,0.000812808706839685,0.4854910671710968,0.8472837805747986,0.1751796454191208,0.4869924485683441,0.7739195227622986,0.3605220317840576
58,0.4146176874637604,0.7944711446762085,0.8140386939048767,0.7880699634552002,0.7269740700721741,0.6658865809440613,0.000806647073299662,0.5736607313156128,0.7480252981185913,0.3119703233242035,0.4999682903289795,0.6716742515563965,0.3900335431098938
59,0.4186542332172394,0.793870210647583,0.8089392781257629,0.7910264730453491,0.7247980833053589,0.6676655411720276,0.0008004099025502793,0.7555803656578064,0.6283999681472778,0.6866201162338257,0.5517508387565613,0.544952929019928,0.5066505670547485
60,0.41295257210731506,0.7956730723381042,0.8133999705314636,0.7894954681396484,0.7278464436531067,0.6682246327400208,0.0007940987335200906,0.7879464030265808,0.47123250365257263,0.8656200170516968,0.5004081130027771,0.5249752998352051,0.5570012927055359
61,0.41415053606033325,0.7962740659713745,0.810499906539917,0.7946128845214844,0.726433515548706,0.6700719594955444,0.0007877151233956179,0.7946428656578064,0.390093594789505,0.9438595771789551,0.47365668416023254,0.5361403822898865,0.6233986020088196
62,0.4000857472419739,0.8067908883094788,0.8271836638450623,0.8010677695274353,0.7418529987335205,0.6833211183547974,0.0007812606472371395,0.7890625,0.5012413859367371,0.8601299524307251,0.5414420962333679,0.5446507334709167,0.641218364238739
63,0.40909087657928467,0.793870210647583,0.82199627161026,0.7829205393791199,0.7267879247665405,0.6613553166389465,0.000774736897590067,0.7767857313156128,0.6057572960853577,0.7239546179771423,0.5464767813682556,0.5480232834815979,0.5145319700241089
64,0.39842018485069275,0.8123497366905212,0.838532030582428,0.8040306568145752,0.7493175864219666,0.6877976059913635,0.0007681454840920089,0.7633928656578064,0.49219468235969543,0.8014371991157532,0.5027433037757874,0.5418514013290405,0.5445793867111206
65,0.3884566128253937,0.80859375,0.8332267999649048,0.7995783686637878,0.7433976531028748,0.6798422336578369,0.0007614880330756165,0.7645089030265808,0.6247762441635132,0.7217516899108887,0.5515924692153931,0.5633625388145447,0.5112706422805786
66,0.3909761309623718,0.8091946840286255,0.8361040353775024,0.7991678714752197,0.745438814163208,0.684409499168396,0.0007547661871673105,0.7555803656578064,0.4357897937297821,0.8486892580986023,0.47767457365989685,0.5507500767707825,0.5507540702819824
67,0.38103678822517395,0.8167067170143127,0.8394335508346558,0.8083130717277527,0.7555482387542725,0.6947526931762695,0.0007479816048819877,0.8002232313156128,0.47792908549308777,0.8760996460914612,0.5154541730880737,0.5295435190200806,0.5707813501358032
68,0.3725259006023407,0.8182091116905212,0.8450782299041748,0.8080471754074097,0.7566309571266174,0.6953070163726807,0.0007411359602138068,0.765625,0.4499192237854004,0.8468441963195801,0.48122161626815796,0.5371492505073547,0.5398606061935425
69,0.3743186593055725,0.8176081776618958,0.849558413028717,0.8047657608985901,0.7581778764724731,0.6922536492347717,0.0007342309422231565,0.78125,0.6040486097335815,0.7542724013328552,0.5492196083068848,0.5302004218101501,0.5224683880805969
70,0.37410619854927063,0.8219651579856873,0.847046434879303,0.8122542500495911,0.7615410089492798,0.7004947066307068,0.0007272682546199037,0.7265625,0.5354922413825989,0.6894019246101379,0.4888770580291748,0.5567206144332886,0.46956968307495117
71,0.36513981223106384,0.8258714079856873,0.8493375778198242,0.8169163465499878,0.766127347946167,0.7064145803451538,0.0007202496153430296,0.6473214030265808,0.642579197883606,0.5125924348831177,0.49131229519844055,0.6007738709449768,0.4153101444244385
72,0.3571413457393646,0.830979585647583,0.8583431243896484,0.8218420743942261,0.7725337743759155,0.7119976878166199,0.000713176756136754,0.7756696343421936,0.578708291053772,0.7609580755233765,0.5378661751747131,0.5478963255882263,0.5187393426895142
73,0.3522035479545593,0.8306790590286255,0.8560691475868225,0.8218160271644592,0.7716969847679138,0.712714433670044,0.000706051422123252,0.7020089030265808,0.6529325842857361,0.5847128033638,0.5207828879356384,0.5718508362770081,0.44811123609542847
74,0.3477981984615326,0.8360877633094788,0.8674169778823853,0.8257145285606384,0.7788553237915039,0.7181956768035889,0.000698875371372073,0.6841517686843872,0.6603915095329285,0.5481355786323547,0.5147609114646912,0.59073406457901,0.43972548842430115
75,0.34446048736572266,0.840895414352417,0.8644993901252747,0.8324686288833618,0.7843592166900635,0.7266744375228882,0.0006916503744663626,0.7879464030265808,0.49535632133483887,0.8346101641654968,0.5096756219863892,0.5329176783561707,0.5409098863601685
76,0.33154216408729553,0.8481069803237915,0.8741883039474487,0.8382648825645447,0.7934512495994568,0.7353888154029846,0.0006843782140659969,0.75,0.5679376721382141,0.7314388155937195,0.5225821137428284,0.5492776036262512,0.5109442472457886
77,0.32611390948295593,0.8461538553237915,0.8714905381202698,0.8373689651489258,0.7905868887901306,0.7341627478599548,0.0006770606844677392,0.7120535969734192,0.5857595801353455,0.6530920267105103,0.5045346617698669,0.5650001168251038,0.45586225390434265
78,0.3176993131637573,0.8517127633094788,0.8753913640975952,0.8423566222190857,0.7976930141448975,0.7403627634048462,0.0006696995911625234,0.7433035969734192,0.537500262260437,0.7523506283760071,0.5148796439170837,0.5601577162742615,0.518420398235321
79,0.32194143533706665,0.8499098420143127,0.8697280883789062,0.8439229726791382,0.7934700846672058,0.7401012778282166,0.0006622967503899759,0.7399553656578064,0.606644332408905,0.6741473078727722,0.5247628688812256,0.5608595013618469,0.4764154851436615
80,0.3163353204727173,0.8490084409713745,0.8710721731185913,0.842010498046875,0.7930898070335388,0.7378568649291992,0.0006548539886902865,0.7678571343421936,0.4070744514465332,0.9094610810279846,0.47240200638771057,0.5478652715682983,0.5926284193992615
81,0.3018283545970917,0.858473539352417,0.8899065852165222,0.8466128706932068,0.8071790933609009,0.7475806474685669,0.0006473731424535361,0.6908482313156128,0.6669734716415405,0.5440045595169067,0.5130307674407959,0.5927261114120483,0.4305664896965027
82,0.29896560311317444,0.8646334409713745,0.8856360912322998,0.8570486307144165,0.8118206858634949,0.7582377195358276,0.0006398560574665953,0.7745535969734192,0.5398969054222107,0.7953668832778931,0.5262836217880249,0.545933723449707,0.5326781868934631
83,0.2995895743370056,0.8611778616905212,0.8901323080062866,0.8498725891113281,0.8101664781570435,0.7525889277458191,0.000632304588457704,0.7310267686843872,0.5939214825630188,0.6735633611679077,0.5131117701530457,0.5601581931114197,0.46616223454475403
84,0.27617576718330383,0.8762019276618958,0.8969902396202087,0.8700618147850037,0.8281643390655518,0.7774530053138733,0.0006247205986388451,0.7611607313156128,0.5642886161804199,0.7725631594657898,0.5347124934196472,0.543192446231842,0.5297881364822388
85,0.2778172194957733,0.8768028616905212,0.901457667350769,0.8684505820274353,0.8285962343215942,0.7776539325714111,0.0006171059592460251,0.6194196343421936,0.8007441759109497,0.3751583397388458,0.5277835130691528,0.6585920453071594,0.40667280554771423
86,0.276011198759079,0.8810096383094788,0.8992590308189392,0.875116229057312,0.8332123160362244,0.7851571440696716,0.0006094625490775734,0.7377232313156128,0.4850570857524872,0.7953667044639587,0.4795006215572357,0.549498975276947,0.5029548406600952
87,0.2654270827770233,0.881911039352417,0.907361626625061,0.8719456195831299,0.8372185826301575,0.7841476798057556,0.0006017922540305783,0.7165178656578064,0.6437260508537292,0.6380400061607361,0.5271084308624268,0.5791130661964417,0.4607897400856018
88,0.25109511613845825,0.8892728090286255,0.9063416123390198,0.8849034905433655,0.8442386984825134,0.7980993986129761,0.0005940969666355699,0.7533482313156128,0.5049787759780884,0.7992227673530579,0.49935945868492126,0.5552056431770325,0.5246824622154236
89,0.24815300107002258,0.891526460647583,0.9085608124732971,0.8859189748764038,0.8475357890129089,0.8014403581619263,0.0005863785855895654,0.7388392686843872,0.5928208231925964,0.7005690336227417,0.5234494805335999,0.557629406452179,0.486512154340744
90,0.23869068920612335,0.8978365659713745,0.9176126718521118,0.8901529908180237,0.8558222055435181,0.8088513016700745,0.0005786390152875957,0.7622767686843872,0.5328348875045776,0.776340126991272,0.5151639580726624,0.5363612771034241,0.5165711641311646
91,0.2391456514596939,0.8937800526618958,0.912459671497345,0.8896788954734802,0.8499982357025146,0.8047015070915222,0.000570880165352823,0.7455357313156128,0.3221100866794586,0.9182109832763672,0.40247654914855957,0.551536500453949,0.5655012726783752
92,0.23618444800376892,0.8972355723381042,0.9186232686042786,0.8908538818359375,0.8560775518417358,0.8094837665557861,0.0005631039501653704,0.7723214030265808,0.43308547139167786,0.89500892162323,0.4924565255641937,0.5280681252479553,0.5942762494087219
93,0.22691646218299866,0.9030949473381042,0.9176695346832275,0.8972916007041931,0.8642046451568604,0.8215024471282959,0.0005553122883899776,0.7310267686843872,0.5915617346763611,0.6941984295845032,0.5211341977119446,0.559869647026062,0.49790245294570923
94,0.21459700167179108,0.9017428159713745,0.9203613996505737,0.8956273198127747,0.8629869222640991,0.8210134506225586,0.0005475071025025983,0.7544642686843872,0.5144975781440735,0.7925014495849609,0.5126742124557495,0.5521382093429565,0.5315046310424805
95,0.22515437006950378,0.9006910920143127,0.9207985401153564,0.8936641216278076,0.8600770235061646,0.8138142824172974,0.0005396903183160591,0.6875,0.6107956767082214,0.599428117275238,0.503948986530304,0.5929401516914368,0.4392009377479553
96,0.20878037810325623,0.9079026579856873,0.9212163090705872,0.9051200151443481,0.8698956966400146,0.8328571319580078,0.0005318638645048925,0.7555803656578064,0.41622987389564514,0.8619168996810913,0.4649757742881775,0.5486090183258057,0.5465741753578186
97,0.21915727853775024,0.9039964079856873,0.9156882166862488,0.902317464351654,0.8625869750976562,0.8237640857696533,0.0005240296721294668,0.7533482313156128,0.47038739919662476,0.8307342529296875,0.4743737280368805,0.5471025109291077,0.5042051672935486
98,0.20350350439548492,0.908203125,0.9219861626625061,0.9039673209190369,0.8707438111305237,0.831501841545105,0.0005161896741595254,0.7354910969734192,0.564630925655365,0.7154936790466309,0.5211790800094604,0.5614327788352966,0.4965856969356537
99,0.19946567714214325,0.912109375,0.9241482615470886,0.9101368188858032,0.8737705945968628,0.836520791053772,0.0005083458049972547,0.7633928656578064,0.5047908425331116,0.8138542771339417,0.5190269351005554,0.5371241569519043,0.5613828897476196
100,0.1820748746395111,0.9232271909713745,0.9405803680419922,0.9176374077796936,0.8904482126235962,0.852148711681366,0.0005005000000000003,0.75,0.46409207582473755,0.8126221299171448,0.4887825846672058,0.5443416833877563,0.539190948009491
101,0.18750271201133728,0.9202223420143127,0.9323845505714417,0.9166285395622253,0.8871245980262756,0.8515551686286926,0.000492654195002746,0.7868303656578064,0.4586537778377533,0.8898412585258484,0.5132607817649841,0.5271206498146057,0.6007833480834961
102,0.18355602025985718,0.9196214079856873,0.9348123073577881,0.914907693862915,0.8850933909416199,0.8467322587966919,0.0004848103258404752,0.7723214030265808,0.43653061985969543,0.8890493512153625,0.49888429045677185,0.5306994915008545,0.6076270937919617
103,0.1827002614736557,0.922926664352417,0.9353862404823303,0.9193306565284729,0.890259325504303,0.8547080159187317,0.0004769703278705338,0.7131696343421936,0.592101514339447,0.668100893497467,0.5151581764221191,0.5755603909492493,0.4676275849342346
104,0.16845186054706573,0.9292367696762085,0.9433658123016357,0.9240862131118774,0.8995150923728943,0.8638470768928528,0.00046913613549510823,0.7488839030265808,0.5083232522010803,0.7744088768959045,0.5088459849357605,0.5475885272026062,0.5259042978286743
105,0.17045818269252777,0.924879789352417,0.9310873746871948,0.9237719178199768,0.8921188712120056,0.8616311550140381,0.0004613096816839418,0.5703125,0.7952352166175842,0.31469815969467163,0.5057944059371948,0.7166164517402649,0.38535818457603455
106,0.15531675517559052,0.936448335647583,0.9468958973884583,0.9323011636734009,0.9091776609420776,0.8786597847938538,0.00045349289749740235,0.7779017686843872,0.49649959802627563,0.8467773795127869,0.5225333571434021,0.5350422263145447,0.5755534172058105
107,0.16059571504592896,0.9302884340286255,0.9409404397010803,0.9273166656494141,0.899764895439148,0.8679094910621643,0.0004456877116100232,0.7578125,0.6385597586631775,0.7117814421653748,0.5638456344604492,0.5519471764564514,0.5138459801673889
108,0.16237369179725647,0.930739164352417,0.9437437057495117,0.9278473258018494,0.8998311758041382,0.8664982914924622,0.00043789604983463036,0.7801339030265808,0.43391817808151245,0.8886140584945679,0.4879980683326721,0.5271690487861633,0.5717503428459167
109,0.1546650230884552,0.9376502633094788,0.951964259147644,0.9329256415367126,0.9103645086288452,0.8769286274909973,0.0004301198346471779,0.7678571343421936,0.4608493745326996,0.8585220575332642,0.5055628418922424,0.5379688143730164,0.5837645530700684
110,0.15104462206363678,0.9387019276618958,0.9472340941429138,0.9368807077407837,0.9107217788696289,0.8817451000213623,0.00042236098471240503,0.7544642686843872,0.543465793132782,0.7710408568382263,0.5193412899971008,0.549997866153717,0.5128710269927979
111,0.15192164480686188,0.9319410920143127,0.9434916377067566,0.9293862581253052,0.9022914171218872,0.8704894781112671,0.0004146214144104352,0.7544642686843872,0.46347126364707947,0.841528594493866,0.49192485213279724,0.5444604754447937,0.5539245009422302
112,0.13354697823524475,0.9421574473381042,0.9506593346595764,0.9402153491973877,0.9167166352272034,0.8897088766098022,0.0004069030333644309,0.7578125,0.6377498507499695,0.7038723230361938,0.5467310547828674,0.5483970046043396,0.4898335933685303
113,0.13825465738773346,0.9418569803237915,0.9482770562171936,0.9405786991119385,0.9147171378135681,0.8878064751625061,0.0003992077459694224,0.7321428656578064,0.5156105160713196,0.7468053698539734,0.4995470345020294,0.5568028092384338,0.4971025586128235
114,0.13494038581848145,0.9408053159713745,0.9537951350212097,0.937129020690918,0.913703203201294,0.8821277618408203,0.0003915374509224275,0.7645089030265808,0.5722736120223999,0.7566993832588196,0.535628616809845,0.545835554599762,0.5162728428840637
115,0.12331272661685944,0.9507211446762085,0.9580193758010864,0.9485026597976685,0.9283577799797058,0.9040149450302124,0.0003838940407539756,0.7198660969734192,0.6642916798591614,0.6284160017967224,0.5371339321136475,0.5880576372146606,0.46689513325691223
116,0.1264364868402481,0.948317289352417,0.9606139659881592,0.9440600872039795,0.923991322517395,0.8939650058746338,0.0003762794013611554,0.7723214030265808,0.5685746073722839,0.7867436408996582,0.543847918510437,0.5412374138832092,0.5337383151054382
117,0.12157746404409409,0.946364164352417,0.9587366580963135,0.9428295493125916,0.9213626384735107,0.8913593292236328,0.0003686954115422966,0.7622767686843872,0.47121983766555786,0.8341311812400818,0.49697399139404297,0.5402209162712097,0.5455079674720764
118,0.11473536491394043,0.9508714079856873,0.9631704092025757,0.9475663304328918,0.9279512166976929,0.9003191590309143,0.00036114394253340535,0.7745535969734192,0.4838945269584656,0.8521098494529724,0.513092041015625,0.5353913903236389,0.566940426826477
119,0.10949718952178955,0.9544771909713745,0.9665076732635498,0.9501368999481201,0.9343700408935547,0.907931923866272,0.00035362685754646456,0.7622767686843872,0.5415317416191101,0.7844056487083435,0.5283392071723938,0.5463120341300964,0.5498033761978149
120,0.11453179270029068,0.954176664352417,0.9606460332870483,0.9530518054962158,0.9322332143783569,0.9095534086227417,0.00034614601130971426,0.7176339030265808,0.6253023147583008,0.6619844436645508,0.5236276984214783,0.5906223654747009,0.48689383268356323
121,0.10768929868936539,0.9547776579856873,0.9677795767784119,0.9492834806442261,0.9336107969284058,0.905342161655426,0.0003387032496100247,0.7667410969734192,0.5350235104560852,0.7924880981445312,0.5368505120277405,0.5399665832519531,0.5599341988563538
122,0.10600864887237549,0.9544771909713745,0.9588710069656372,0.9542155861854553,0.9333004355430603,0.9128502607345581,0.0003313004088374773,0.7578125,0.4835681617259979,0.8211835026741028,0.5048195719718933,0.5441858172416687,0.5410372018814087
123,0.11331923305988312,0.9537259340286255,0.9627780318260193,0.9507592916488647,0.9325738549232483,0.9080623984336853,0.0003239393155322615,0.7254464030265808,0.4764944016933441,0.7777467966079712,0.48403796553611755,0.5685783624649048,0.5069618821144104
124,0.10019993782043457,0.9565805196762085,0.9669686555862427,0.9540465474128723,0.9344745874404907,0.9086663722991943,0.0003166217859340038,0.7176339030265808,0.5426346063613892,0.6990212798118591,0.49017199873924255,0.5699023604393005,0.46271762251853943
125,0.10865765064954758,0.9549278616905212,0.9662872552871704,0.9514773488044739,0.935347318649292,0.9102769494056702,0.0003093496255336381,0.7745535969734192,0.4894544184207916,0.8490829467773438,0.5206700563430786,0.5312424302101135,0.5828280448913574
126,0.11153009533882141,0.9552283883094788,0.9677886962890625,0.9511016011238098,0.9344531297683716,0.9076366424560547,0.00030212462862792735,0.7611607313156128,0.4835572838783264,0.8257083296775818,0.5080245733261108,0.5410097241401672,0.5651478171348572
127,0.10597335547208786,0.955979585647583,0.962894856929779,0.9544689655303955,0.9353614449501038,0.9128259420394897,0.0002949485778767485,0.7555803656578064,0.40035030245780945,0.8869214057922363,0.450260728597641,0.5513712763786316,0.5258006453514099
128,0.0965210348367691,0.9594351053237915,0.9672747850418091,0.9565874934196472,0.9409466981887817,0.9193733930587769,0.0002878232438632466,0.7276785969734192,0.5534766316413879,0.7134222984313965,0.5044195055961609,0.5672640800476074,0.475616455078125
129,0.10175473988056183,0.9582331776618958,0.9656583070755005,0.9559638500213623,0.9383550882339478,0.9155442714691162,0.00028075038465697074,0.7399553656578064,0.5686436891555786,0.7362756133079529,0.5323597192764282,0.5612406730651855,0.5125845074653625
130,0.09106405824422836,0.961838960647583,0.9703282713890076,0.9590499401092529,0.9440911412239075,0.9219252467155457,0.00027373174538009677,0.7488839030265808,0.49212846159935,0.7938334345817566,0.5000067949295044,0.5499071478843689,0.5182281136512756
131,0.09104478359222412,0.9627403616905212,0.9707664847373962,0.9602910280227661,0.9451171159744263,0.9235274791717529,0.00026676905777684405,0.7645089030265808,0.5096383690834045,0.8194811940193176,0.5231754183769226,0.5297128558158875,0.5648273825645447
132,0.09416020661592484,0.9613882303237915,0.9676533341407776,0.9601017832756042,0.942987322807312,0.923102080821991,0.0002598640397861935,0.7533482313156128,0.5297769904136658,0.7816420793533325,0.5175017714500427,0.5526586771011353,0.5351125001907349
133,0.09225564450025558,0.9642428159713745,0.9716991186141968,0.9618005752563477,0.9464800357818604,0.9250105619430542,0.0002530183951180127,0.78125,0.46964019536972046,0.8745017051696777,0.5205199122428894,0.5307096838951111,0.601919949054718
134,0.0861605778336525,0.9692007303237915,0.9745131134986877,0.9685105085372925,0.9542559385299683,0.9372753500938416,0.0002462338128326898,0.7008928656578064,0.5867456197738647,0.6451101899147034,0.5053623914718628,0.5827313661575317,0.4545590877532959
135,0.08107272535562515,0.9661959409713745,0.9741531014442444,0.9634119272232056,0.9499012231826782,0.9291213154792786,0.00023951196692438383,0.7366071343421936,0.4873652160167694,0.7817723155021667,0.48645254969596863,0.5595381259918213,0.5001562237739563
136,0.08995652943849564,0.9630408883094788,0.9671853184700012,0.9624660015106201,0.9452265501022339,0.9278666973114014,0.0002328545159079913,0.7098214030265808,0.5573987364768982,0.6831616163253784,0.500531017780304,0.5798185467720032,0.4653087258338928
137,0.08011313527822495,0.9690504670143127,0.9729805588722229,0.968361496925354,0.9539029002189636,0.9376697540283203,0.00022626310240993336,0.7377232313156128,0.4883051812648773,0.7695794701576233,0.49078673124313354,0.553095281124115,0.5055205225944519
138,0.0795101448893547,0.96875,0.9711227416992188,0.9686167240142822,0.9535849690437317,0.9392008185386658,0.00021973935276286093,0.7555803656578064,0.4878673553466797,0.817979633808136,0.5029083490371704,0.5455045104026794,0.5415419936180115
139,0.07234610617160797,0.9722055196762085,0.9777208566665649,0.970267653465271,0.9591512084007263,0.9432891011238098,0.00021328487660438256,0.7589285969734192,0.4665856659412384,0.8377346992492676,0.4961491525173187,0.5428712368011475,0.5517233610153198
140,0.08193536847829819,0.9670973420143127,0.9704297780990601,0.9671550989151001,0.951321542263031,0.9356045126914978,0.00020690126647990995,0.7589285969734192,0.45528969168663025,0.8405686020851135,0.49390536546707153,0.5496383905410767,0.5566266775131226
141,0.08009473979473114,0.9692007303237915,0.973749041557312,0.9683745503425598,0.9539604783058167,0.9377003312110901,0.0002005900974497212,0.7689732313156128,0.46471908688545227,0.8518593907356262,0.5028144717216492,0.5409824848175049,0.5668303370475769
142,0.08058333396911621,0.9655949473381042,0.9725674390792847,0.9642767310142517,0.9490309357643127,0.9293054342269897,0.00019435292670033839,0.7745535969734192,0.46026191115379333,0.8605085611343384,0.5071846842765808,0.5308787226676941,0.5871594548225403
143,0.07317479699850082,0.9673978090286255,0.9724147319793701,0.9658938050270081,0.952292799949646,0.9353835582733154,0.00018819129316031543,0.7712053656578064,0.4725547730922699,0.8470581769943237,0.5091568231582642,0.537167489528656,0.5786641240119934
144,0.07067795097827911,0.9701021909713745,0.9754132032394409,0.9692190885543823,0.9551023840904236,0.9386244416236877,0.00018210671712052962,0.75,0.5161637663841248,0.7760236859321594,0.5113028883934021,0.5472900867462158,0.5157527923583984
145,0.06801578402519226,0.9723557829856873,0.9770044088363647,0.9712458252906799,0.9586188197135925,0.9434081315994263,0.00017610069985907347,0.7589285969734192,0.5022384524345398,0.8050402402877808,0.5121814608573914,0.5468560457229614,0.5456675291061401
146,0.05649404227733612,0.9753605723381042,0.9804887771606445,0.9739257097244263,0.9638396501541138,0.9498031139373779,0.0001701747232708361,0.7511160969734192,0.47462883591651917,0.8141988515853882,0.4953653812408447,0.547764778137207,0.5430216193199158
147,0.06502979248762131,0.9752103090286255,0.9780769348144531,0.9750989079475403,0.9637092351913452,0.9519357085227966,0.00016433024950186832,0.7600446343421936,0.47803637385368347,0.8290938138961792,0.5039659142494202,0.5454334616661072,0.5561345219612122
148,0.07233911752700806,0.9704026579856873,0.9762203693389893,0.9693735837936401,0.9560903906822205,0.9393424987792969,0.00015856872058862012,0.7578125,0.4931159019470215,0.8257194757461548,0.5090182423591614,0.5424655079841614,0.5494734048843384
149,0.06696823984384537,0.9741586446762085,0.9801496267318726,0.9720646739006042,0.9605947732925415,0.9438614249229431,0.00015289155810213915,0.7678571343421936,0.5342133641242981,0.8082954287528992,0.5227010846138,0.5429151654243469,0.5418533086776733
150,0.06936925649642944,0.9719050526618958,0.9765164256095886,0.9710420370101929,0.9582318067550659,0.9428734183311462,0.00014730016279731968,0.765625,0.5004240870475769,0.8233560919761658,0.5129852294921875,0.5449476838111877,0.5486322045326233
151,0.05779004096984863,0.9765625,0.9814404845237732,0.9754979610443115,0.9650250673294067,0.9508129358291626,0.00014179591426728737,0.7455357313156128,0.4783385097980499,0.8006147146224976,0.49024268984794617,0.5510847568511963,0.5158742070198059
152,0.05259041488170624,0.9782151579856873,0.9822307825088501,0.9775103330612183,0.967545211315155,0.9549671411514282,0.00013638017060300516,0.7522321343421936,0.49406883120536804,0.8029175996780396,0.5002167224884033,0.5484265685081482,0.5308155417442322
153,0.05548177286982536,0.9783653616905212,0.982234537601471,0.9776089191436768,0.9668921232223511,0.9538775086402893,0.00013105426805818453,0.7611607313156128,0.4693272113800049,0.8453115820884705,0.5019358992576599,0.5405625104904175,0.5623443722724915
154,0.06409473717212677,0.9759615659713745,0.9802421927452087,0.9746525883674622,0.9644092321395874,0.9505446553230286,0.00012581952071958556,0.7455357313156128,0.5196176767349243,0.7667774558067322,0.5060498118400574,0.5520419478416443,0.5052903890609741
155,0.0632457286119461,0.9750601053237915,0.9822465181350708,0.972961962223053,0.9616705179214478,0.9440575838088989,0.00012067722018278467,0.7477678656578064,0.4911785423755646,0.789057195186615,0.4949978291988373,0.5559585094451904,0.5099177360534668
156,0.059610508382320404,0.9783653616905212,0.9807180166244507,0.9781283736228943,0.9676730632781982,0.9566948413848877,0.00011562863523349344,0.7689732313156128,0.4711417257785797,0.8513501286506653,0.5039839148521423,0.53909832239151,0.563789427280426
157,0.05790773779153824,0.9779146909713745,0.9833650588989258,0.9759512543678284,0.9666680693626404,0.952577531337738,0.00011067501153450448,0.7566964030265808,0.49866703152656555,0.8122321367263794,0.5068381428718567,0.5526526570320129,0.5406578779220581
158,0.06027700752019882,0.9740084409713745,0.9768139719963074,0.9746037721633911,0.9613161087036133,0.9489587545394897,0.00010581757131834274,0.7377232313156128,0.5090822577476501,0.7642540335655212,0.4948951303958893,0.5633752346038818,0.4944075644016266
159,0.056116268038749695,0.977614164352417,0.982506513595581,0.9763457775115967,0.9674155712127686,0.9543355703353882,0.00010105751308569835,0.7633928656578064,0.48481252789497375,0.8300086259841919,0.5044541954994202,0.5435698628425598,0.5469072461128235
160,0.049769241362810135,0.9821214079856873,0.9828966856002808,0.9823794960975647,0.9731022119522095,0.964927077293396,9.63960113097139e-05,0.7377232313156128,0.5304942727088928,0.75208979845047,0.5051519870758057,0.5694050192832947,0.49470609426498413
161,0.05380791053175926,0.979417085647583,0.9824367165565491,0.9785069823265076,0.9683170318603516,0.9564794898033142,9.183421614620096e-05,0.7566964030265808,0.49996423721313477,0.8144077062606812,0.5066178441047668,0.550618052482605,0.541832685470581
162,0.053176384419202805,0.9783653616905212,0.981226921081543,0.9784404039382935,0.9664214253425598,0.9541800022125244,8.737325314985651e-05,0.7555803656578064,0.5215298533439636,0.7864123582839966,0.5122524499893188,0.5528481602668762,0.5307115912437439
163,0.05363975465297699,0.9783653616905212,0.9832430481910706,0.9762991666793823,0.9677779078483582,0.9543691277503967,8.301422299654919e-05,0.7198660969734192,0.5074230432510376,0.7311582565307617,0.48385316133499146,0.5731521844863892,0.47405511140823364
164,0.04906065762042999,0.9810696840286255,0.9857927560806274,0.9792330265045166,0.9712215065956116,0.9584916830062866,7.875820121174366e-05,0.7678571343421936,0.47132056951522827,0.8452553749084473,0.5048480033874512,0.5451758503913879,0.5596238374710083
165,0.04409007355570793,0.9816706776618958,0.9852452874183655,0.9802021384239197,0.9728363752365112,0.961998701095581,7.460623790513114e-05,0.7578125,0.5039657354354858,0.8045709729194641,0.5068644285202026,0.5559807419776917,0.5354474186897278
166,0.04580700024962425,0.981520414352417,0.9868040680885315,0.979777991771698,0.9729636311531067,0.9610141515731812,7.055935751153016e-05,0.7254464030265808,0.5256226658821106,0.7388289570808411,0.4953450858592987,0.5740790963172913,0.48301810026168823
167,0.047314029186964035,0.9803184866905212,0.9862120747566223,0.9783408045768738,0.9700047373771667,0.956295371055603,6.66185585381235e-05,0.7600446343421936,0.47873401641845703,0.8379303812980652,0.5013126134872437,0.5495066046714783,0.5501216650009155
168,0.045379169285297394,0.9822716116905212,0.9861930012702942,0.981050431728363,0.9737879037857056,0.9628034830093384,6.278481331809019e-05,0.7589285969734192,0.48038750886917114,0.8310192227363586,0.5019988417625427,0.548594057559967,0.5491766929626465
169,0.0445430688560009,0.9830228090286255,0.9856051206588745,0.9827247262001038,0.9742021560668945,0.9643097519874573,5.905906777069766e-05,0.7488839030265808,0.4964199364185333,0.796197772026062,0.5008693337440491,0.5495985150337219,0.5172995328903198
170,0.03845227509737015,0.9848257303237915,0.9873901009559631,0.9839314818382263,0.9770435690879822,0.9680277109146118,5.544224116791034e-05,0.7712053656578064,0.4637073576450348,0.8579728007316589,0.5066477656364441,0.5393621921539307,0.5803108215332031
171,0.045112915337085724,0.9827223420143127,0.9837133884429932,0.9828402996063232,0.9751301407814026,0.968012273311615,5.1935225907572586e-05,0.7578125,0.4883420467376709,0.8256894946098328,0.5033448934555054,0.5488631129264832,0.5439249277114868
172,0.04321230202913284,0.9849759340286255,0.9869134426116943,0.9847012758255005,0.9773989915847778,0.9693171381950378,4.8538887293223374e-05,0.7600446343421936,0.4995388686656952,0.8167106509208679,0.5106530785560608,0.546725869178772,0.5455855131149292
173,0.03918834030628204,0.9842247366905212,0.9839442372322083,0.9853373169898987,0.9763100147247314,0.9697373509407043,4.525406332059523e-05,0.7667410969734192,0.5007683634757996,0.8342763781547546,0.5136243104934692,0.5406521558761597,0.5533076524734497
174,0.042285796254873276,0.9830228090286255,0.9870038628578186,0.9819240570068359,0.9751752018928528,0.9649944305419922,4.208156447085157e-05,0.7700892686843872,0.49276575446128845,0.8458788990974426,0.5175402164459229,0.5391925573348999,0.5696144700050354
175,0.042627811431884766,0.9830228090286255,0.986202597618103,0.982094407081604,0.9740140438079834,0.9631348252296448,3.902217351061242e-05,0.7645089030265808,0.49278512597084045,0.8318262100219727,0.5150409936904907,0.5456025004386902,0.5682188868522644
176,0.04192274808883667,0.9837740659713745,0.98492431640625,0.9837341904640198,0.9754741191864014,0.9672439098358154,3.607664529881848e-05,0.7611607313156128,0.5030184388160706,0.8258991837501526,0.5141646862030029,0.5477187037467957,0.5540838241577148
177,0.038006577640771866,0.985276460647583,0.988454282283783,0.9844459891319275,0.9778222441673279,0.9683945775032043,3.324570660048127e-05,0.7645089030265808,0.48055896162986755,0.8331230878829956,0.5054289698600769,0.5444151759147644,0.5517234802246094
178,0.03990449011325836,0.983323335647583,0.9852639436721802,0.9830238819122314,0.9757915139198303,0.967581033706665,3.053005590736441e-05,0.7633928656578064,0.49174341559410095,0.8334320187568665,0.5105980634689331,0.5453636646270752,0.5543696880340576
179,0.03713587671518326,0.9840745329856873,0.9887850880622864,0.9828914999961853,0.9756854772567749,0.9647914171218872,2.793036326564115e-05,0.7611607313156128,0.4718194305896759,0.8379835486412048,0.5007258057594299,0.5417526364326477,0.5548500418663025
180,0.04507465660572052,0.9830228090286255,0.9869372248649597,0.9822696447372437,0.9744825959205627,0.9636503458023071,2.5447270110570835e-05,0.7645089030265808,0.49145349860191345,0.8291376829147339,0.5080830454826355,0.5466011762619019,0.5481017827987671
181,0.04604148119688034,0.9822716116905212,0.9842121601104736,0.9822696447372437,0.9729270339012146,0.9636462330818176,2.3081389108234126e-05,0.7578125,0.489361047744751,0.8167354464530945,0.505700409412384,0.5463854074478149,0.5437987446784973
182,0.04522956907749176,0.9827223420143127,0.9842891693115234,0.9834505319595337,0.9742518067359924,0.9655682444572449,2.0833304004367014e-05,0.7578125,0.48743560910224915,0.8209824562072754,0.502160906791687,0.5496684312820435,0.541288435459137
183,0.038480278104543686,0.9846754670143127,0.9896290302276611,0.9826332330703735,0.9768193960189819,0.9654550552368164,1.8703569480329935e-05,0.7578125,0.47800055146217346,0.825653076171875,0.5014200806617737,0.547544002532959,0.5467192530632019
184,0.036610908806324005,0.9851261973381042,0.9870635271072388,0.9846600890159607,0.9781849384307861,0.9706041812896729,1.669271101624885e-05,0.7555803656578064,0.47800055146217346,0.8222721815109253,0.49780839681625366,0.5488602519035339,0.5391868352890015
185,0.036551687866449356,0.9866285920143127,0.9890673160552979,0.9858577251434326,0.9800198078155518,0.9721434712409973,1.4801224761360576e-05,0.7633928656578064,0.48449403047561646,0.8350162506103516,0.5072604417800903,0.5445610880851746,0.5528691411018372
186,0.0321350060403347,0.98828125,0.989879846572876,0.9879484176635742,0.9822870492935181,0.9755138754844666,1.3029577411595725e-05,0.7645089030265808,0.48449403047561646,0.8362647891044617,0.5091116428375244,0.5446550846099854,0.5573104023933411
187,0.03891463577747345,0.9836238026618958,0.9859279990196228,0.9833061695098877,0.975590705871582,0.9666386842727661,1.1378206094427965e-05,0.7622767686843872,0.49613112211227417,0.8259437680244446,0.5122553110122681,0.5471417307853699,0.5530980825424194
188,0.04085706174373627,0.983323335647583,0.9865019917488098,0.9824110269546509,0.9748083353042603,0.9645983576774597,9.847518261019994e-06,0.7589285969734192,0.47361287474632263,0.8314981460571289,0.499803364276886,0.5442030429840088,0.5492019057273865
189,0.03836750239133835,0.985276460647583,0.9887974858283997,0.9844856858253479,0.978275716304779,0.9690254926681519,8.43789158569046e-06,0.7611607313156128,0.49613112211227417,0.8224352598190308,0.510656476020813,0.5469406247138977,0.5491088628768921
190,0.036658938974142075,0.9860276579856873,0.9911928772926331,0.983634889125824,0.9794496297836304,0.9687985181808472,7.149673872728745e-06,0.7622767686843872,0.4814019203186035,0.8345332741737366,0.5059701800346375,0.5436959862709045,0.5545896887779236
191,0.03626195713877678,0.9855769276618958,0.9877329468727112,0.9850265979766846,0.9785769581794739,0.9706442952156067,5.983182970579516e-06,0.7589285969734192,0.4806460440158844,0.8256891369819641,0.5033141374588013,0.5461168885231018,0.5488035678863525
192,0.04080849140882492,0.982421875,0.9854417443275452,0.9810413718223572,0.9744020700454712,0.964652955532074,4.938706693418361e-06,0.7633928656578064,0.47688665986061096,0.8343496918678284,0.5059559941291809,0.542894184589386,0.5581417083740234
193,0.03840436041355133,0.9849759340286255,0.9882348775863647,0.9837194681167603,0.9767898917198181,0.9666233062744141,4.016502750137796e-06,0.765625,0.47800055146217346,0.8395132422447205,0.5066713690757751,0.5427059531211853,0.5579274892807007
194,0.03643966466188431,0.9837740659713745,0.9871053695678711,0.982610821723938,0.9761012196540833,0.9664598107337952,3.216798680761545e-06,0.7633928656578064,0.47800055146217346,0.8362647891044617,0.5047120451927185,0.5436367988586426,0.5545631051063538
195,0.03734854236245155,0.9851261973381042,0.9868969321250916,0.9848940968513489,0.977417528629303,0.9692806601524353,2.5397918003025844e-06,0.7555803656578064,0.48322704434394836,0.8171518445014954,0.5009902715682983,0.5514929294586182,0.5411965250968933
196,0.03963591530919075,0.9842247366905212,0.9861177206039429,0.984194815158844,0.97584468126297,0.9671376943588257,1.985649150078358e-06,0.7633928656578064,0.4806460440158844,0.8331592679023743,0.5058571696281433,0.5445772409439087,0.5537421107292175
197,0.04018658027052879,0.9842247366905212,0.9843999147415161,0.9851624369621277,0.9762324690818787,0.9699170589447021,1.554507456496034e-06,0.7589285969734192,0.4715956747531891,0.8300536274909973,0.49899765849113464,0.5453968644142151,0.5479650497436523
198,0.04274532571434975,0.9842247366905212,0.9880253076553345,0.9828158617019653,0.9761740565299988,0.9657723903656006,1.246473097317066e-06,0.7600446343421936,0.47974273562431335,0.8287209272384644,0.5034443736076355,0.545854926109314,0.5498483777046204
199,0.04236326366662979,0.983323335647583,0.9839648008346558,0.9842148423194885,0.9748585224151611,0.9671552181243896,1.0616220754105364e-06,0.7600446343421936,0.47709721326828003,0.8298369646072388,0.5015426874160767,0.5458962321281433,0.5486168265342712
