epoch,train_accuracy,train_auc,train_f1,train_f1_macro,train_precision,train_sensitivity,train_specificity,train_loss,val_accuracy,val_auc,val_f1,val_f1_macro,val_precision,val_sensitivity,val_specificity,val_loss,lr,duration_seconds
0,0.6215444803237915,0.6755263805389404,0.5361812114715576,0.6082758903503418,0.4611973464488983,0.6402814388275146,0.6118211150169373,0.6426687819453386,0.7212918400764465,0.7619184851646423,0.5273833870887756,0.6648791432380676,0.6132075190544128,0.4626334607601166,0.8522522449493408,0.6269141573991094,0.0001,32.99
1,0.6538461446762085,0.7250169515609741,0.5810909271240234,0.6430799961090088,0.4950433671474457,0.7033450603485107,0.6281934380531311,0.6120029937189359,0.7117224931716919,0.7741014957427979,0.5908319354057312,0.6841509342193604,0.5649350881576538,0.6192170977592468,0.7585585713386536,0.597059465944767,9.99938933078422e-05,33.3
2,0.6658653616905212,0.7418312430381775,0.5908756256103516,0.6542494297027588,0.5077458024024963,0.706555187702179,0.6447638869285583,0.5968468166314639,0.7153109908103943,0.7768843173980713,0.6098360419273376,0.692865252494812,0.5653495192527771,0.6619216799736023,0.7423423528671265,0.5904021923031125,9.997557473810371e-05,33.09
3,0.6642127633094788,0.7415617108345032,0.5951820611953735,0.6541563272476196,0.5055384635925293,0.7234698534011841,0.6335234045982361,0.5976644579607707,0.7045454382896423,0.7810906767845154,0.6047999858856201,0.6844439506530762,0.5494186282157898,0.6725978851318359,0.7207207083702087,0.5813814124890736,9.994504881061753e-05,31.6
4,0.668870210647583,0.7427597045898438,0.6068497896194458,0.6604194641113281,0.5108107924461365,0.747363805770874,0.6280822157859802,0.595063047340283,0.7165071964263916,0.785393238067627,0.6016806960105896,0.6908124685287476,0.5700637102127075,0.6370106935501099,0.7567567825317383,0.5793135613203049,9.990232305719945e-05,31.24
5,0.665114164352417,0.7520304322242737,0.5988842844963074,0.6557283997535706,0.506853461265564,0.7317501902580261,0.6305339932441711,0.5877502213876981,0.7260765433311462,0.7894585132598877,0.5843920111656189,0.6900550723075867,0.5962963104248047,0.5729537606239319,0.8036035895347595,0.5837698014719146,9.984740801978984e-05,31.33
6,0.6666165590286255,0.7525801658630371,0.5992414951324463,0.6569197773933411,0.5081163644790649,0.7301936745643616,0.6336678862571716,0.5852625421606578,0.7165071964263916,0.7890417575836182,0.6030150651931763,0.6912750005722046,0.5696202516555786,0.6405693888664246,0.7549549341201782,0.5747711009212902,9.978031724785246e-05,31.06
7,0.674879789352417,0.7551556825637817,0.6071169376373291,0.6649116277694702,0.5168470144271851,0.7355917096138,0.643394947052002,0.5830729847344068,0.7045454382896423,0.7892981767654419,0.5930806994438171,0.6805778741836548,0.5521472096443176,0.6405693888664246,0.7369369268417358,0.5770165952188628,9.97010672950314e-05,31.51
8,0.6687199473381042,0.758675217628479,0.6074417233467102,0.660446047782898,0.5101674795150757,0.7505499124526978,0.6262833476066589,0.5789684083026189,0.6854066848754883,0.790471613407135,0.6068759560585022,0.6723313331604004,0.5231958627700806,0.7224199175834656,0.6666666865348816,0.5650771089962551,9.960967771506666e-05,31.71
9,0.6714242696762085,0.7620995044708252,0.6074313521385193,0.6624548435211182,0.5130382180213928,0.7443906664848328,0.6335843205451965,0.5750229530609571,0.739234447479248,0.7946266531944275,0.5932835936546326,0.7006911039352417,0.6235294342041016,0.5658363103866577,0.8270270228385925,0.5855647942849568,9.950617105696959e-05,31.45
10,0.6700721383094788,0.766032338142395,0.6044668555259705,0.6607385873794556,0.5115853548049927,0.7385563254356384,0.6345803141593933,0.5712398439645767,0.7081339955329895,0.7982366681098938,0.6163522005081177,0.6904155015945435,0.5521126985549927,0.6975088715553284,0.7135134935379028,0.5564382470079831,9.939057285945931e-05,31.07
11,0.6715745329856873,0.7605136632919312,0.6066930294036865,0.6623870134353638,0.5130858421325684,0.7420774698257446,0.6350364685058594,0.5765900511581165,0.7141148447990417,0.8031419515609741,0.6224328875541687,0.6962020397186279,0.5596590638160706,0.7010676264762878,0.7207207083702087,0.5584046244621277,9.92629116446613e-05,32.08
12,0.6678184866905212,0.7555825114250183,0.6019802093505859,0.6584736704826355,0.5091351866722107,0.7362395524978638,0.6323831081390381,0.5802715976650898,0.6889952421188354,0.7975826263427734,0.6153846383094788,0.6771702170372009,0.5265823006629944,0.7402135133743286,0.6630630493164062,0.5526110753417015,9.912321891107009e-05,31.51
13,0.6712740659713745,0.7653735280036926,0.6106761693954468,0.6631124019622803,0.5128511786460876,0.7546173930168152,0.6280237436294556,0.5692616291344166,0.7081339955329895,0.7966529130935669,0.610223650932312,0.6884770393371582,0.5536231994628906,0.6797152757644653,0.722522497177124,0.5556825761284147,9.89715291257774e-05,31.1
14,0.6697716116905212,0.7636195421218872,0.6033923029899597,0.660254716873169,0.5111586451530457,0.7362395524978638,0.6353477835655212,0.5757244111826787,0.7488038539886475,0.8012567758560181,0.5531914830207825,0.6892412900924683,0.6878306865692139,0.4626334607601166,0.8936936855316162,0.594010207269873,9.880787971596799e-05,31.12
15,0.6840444803237915,0.7716131806373596,0.6146234273910522,0.6734479665756226,0.5268614292144775,0.7374669909477234,0.6563212871551514,0.5673367550166754,0.6638755798339844,0.7943316698074341,0.6176870465278625,0.6588969230651855,0.5,0.8078292012214661,0.5909910202026367,0.5565651719059262,9.863231105968498e-05,31.14
16,0.680588960647583,0.7694817185401917,0.6184493899345398,0.6718862056732178,0.5222795009613037,0.758029043674469,0.640428900718689,0.5704989178249469,0.6435406804084778,0.7939597964286804,0.6159793734550476,0.6416950225830078,0.482828289270401,0.8505337834358215,0.5387387275695801,0.5607434234448841,9.844486647586723e-05,31.82
17,0.6769831776618958,0.7699796557426453,0.6128916144371033,0.6678791642189026,0.5190606713294983,0.7481318712234497,0.6400365233421326,0.5672902513581973,0.7236841917037964,0.806380033493042,0.6181818246841431,0.7008434534072876,0.5771604776382446,0.6654804348945618,0.7531531453132629,0.5540982133575848,9.824559221366101e-05,31.4
18,0.6781851053237915,0.7670670747756958,0.6136363744735718,0.6689448356628418,0.5206611752510071,0.747035562992096,0.6423841118812561,0.5731463827765905,0.7069377899169922,0.8001538515090942,0.6189735531806946,0.6904391646385193,0.549723744392395,0.708185076713562,0.7063062787055969,0.5560160194124494,9.803453744100869e-05,31.08
19,0.6870492696762085,0.7719942331314087,0.6170251965522766,0.6762250661849976,0.5296717286109924,0.738881528377533,0.6602052450180054,0.5669748995166558,0.7188995480537415,0.8005578517913818,0.6023688912391663,0.6924887895584106,0.57419353723526,0.6334519386291504,0.7621621489524841,0.5649927811963218,9.781175423251735e-05,31.36
20,0.684645414352417,0.776178240776062,0.6192635297775269,0.6750632524490356,0.5265268087387085,0.7516512274742126,0.6499429941177368,0.5618486645130011,0.6997607946395874,0.7989227771759033,0.6167938709259033,0.6849948167800903,0.5401069521903992,0.7188612222671509,0.6900901198387146,0.5503852505769048,9.757729755661011e-05,31.1
21,0.672926664352417,0.7710074186325073,0.6078184247016907,0.6636567115783691,0.5146430730819702,0.742190957069397,0.6370066404342651,0.56481566795936,0.6806219816207886,0.7982430458068848,0.6090775728225708,0.6695539951324463,0.5174129605293274,0.7402135133743286,0.6504504680633545,0.5508337169885635,9.73312252619635e-05,31.4
22,0.674879789352417,0.7718879580497742,0.6116296052932739,0.6660215258598328,0.5158946514129639,0.7509916424751282,0.6355140209197998,0.5661987392948225,0.6842105388641357,0.7937545776367188,0.6162790656089783,0.6739932298660278,0.5208845138549805,0.754448413848877,0.6486486196517944,0.5556942416088921,9.707359806323416e-05,31.47
23,0.680588960647583,0.7757699489593506,0.6155515313148499,0.6711784601211548,0.5222460627555847,0.749449610710144,0.6449258923530579,0.5630796680656763,0.7224880456924438,0.8012118935585022,0.6221498250961304,0.7014340758323669,0.5735735893249512,0.6797152757644653,0.7441441416740417,0.5556518265179226,9.680447952607844e-05,31.13
24,0.6822415590286255,0.7735376358032227,0.6125664114952087,0.6716213226318359,0.5246313214302063,0.73591548204422,0.6544252038002014,0.5624553245993761,0.6411483287811279,0.8005257844924927,0.6183205842971802,0.6398600339889526,0.4811881184577942,0.8647686839103699,0.5279279351234436,0.5525061296565192,9.652393605146843e-05,31.42
25,0.681640625,0.7787456512451172,0.6185418367385864,0.6726846098899841,0.5229832530021667,0.7568281888961792,0.6427268385887146,0.557291781099943,0.7332535982131958,0.8075021505355835,0.642054557800293,0.7147355675697327,0.5847952961921692,0.7117437720298767,0.7441441416740417,0.5532117933034897,9.623203685930868e-05,31.51
26,0.681640625,0.7790271043777466,0.616748034954071,0.6722439527511597,0.5231665968894958,0.7511013150215149,0.6456908583641052,0.5577133475587919,0.6866028904914856,0.8054503202438354,0.6257143020629883,0.6780834794044495,0.5226730108261108,0.7793594598770142,0.6396396160125732,0.5416678232806069,9.592885397135704e-05,31.06
27,0.6817908883094788,0.7799941301345825,0.6187905073165894,0.672855794429779,0.5234470367431641,0.7566021084785461,0.6430200934410095,0.554360054146785,0.7248803973197937,0.7990894913673401,0.599303126335144,0.6949156522750854,0.5870307087898254,0.6120996475219727,0.7819820046424866,0.5637788282973426,9.561446219345451e-05,31.17
28,0.671875,0.7702676057815552,0.6126285791397095,0.6640156507492065,0.5132243633270264,0.7597888112068176,0.6262833476066589,0.5653830944345548,0.6734449863433838,0.7994036674499512,0.6213592290878296,0.6671465039253235,0.5090909004211426,0.7971529960632324,0.6108108162879944,0.5455171870333808,9.528893909706794e-05,31.1
29,0.6681190133094788,0.7668268084526062,0.6093722581863403,0.6604390144348145,0.5099141597747803,0.7570298910140991,0.6219177842140198,0.5646738309699756,0.7356459498405457,0.806303083896637,0.5974498987197876,0.7003278136253357,0.611940324306488,0.5836299061775208,0.8126125931739807,0.5739922331912177,9.495236500015045e-05,31.36
30,0.6780348420143127,0.7742415070533752,0.6140824556350708,0.6689435243606567,0.5195003151893616,0.7507705688476562,0.6403648853302002,0.5605690035109336,0.7045454382896423,0.8029367327690125,0.6274510025978088,0.6913270950317383,0.5445026159286499,0.7402135133743286,0.6864864826202393,0.5598749970751149,9.460482294732418e-05,31.43
31,0.6687199473381042,0.7715197801589966,0.6126822233200073,0.6616370677947998,0.510538637638092,0.7659200429916382,0.6181776523590088,0.5640190888482791,0.6566985845565796,0.7956205606460571,0.6188579201698303,0.6532809734344482,0.4936440587043762,0.8291814923286438,0.569369375705719,0.5582441208618028,9.424639868939032e-05,31.29
32,0.688551664352417,0.7842208743095398,0.6258798241615295,0.6795594096183777,0.5307621955871582,0.7625330090522766,0.6501597166061401,0.5525332551736098,0.7153109908103943,0.8060145378112793,0.628125011920929,0.6987524032592773,0.5598886013031006,0.7153024673461914,0.7153153419494629,0.5495758163077491,9.387718066217123e-05,31.18
33,0.682542085647583,0.7773038148880005,0.6172794699668884,0.6730345487594604,0.5247921347618103,0.7493403553962708,0.6478776931762695,0.5575506882025645,0.7511961460113525,0.8070533275604248,0.611940324306488,0.7144208550453186,0.6431372761726379,0.5836299061775208,0.8360360264778137,0.5703420266509056,9.349725996469046e-05,31.24
34,0.6929086446762085,0.7863892316818237,0.6276866793632507,0.6831862330436707,0.5359253287315369,0.7573626637458801,0.6594384908676147,0.5512323605899627,0.7081339955329895,0.8040909171104431,0.6257668733596802,0.6932755708694458,0.5498652458190918,0.725978672504425,0.6990991234779358,0.5537676332252366,9.31067303366952e-05,31.28
35,0.6918569803237915,0.7862759828567505,0.6271587014198303,0.6822901368141174,0.5340557098388672,0.7595772743225098,0.6567844748497009,0.550227421694077,0.6830143332481384,0.8064570426940918,0.6262341141700745,0.6755262017250061,0.5186915993690491,0.790035605430603,0.6288288235664368,0.5392317484532084,9.270568813552755e-05,31.11
36,0.6849459409713745,0.7799431085586548,0.62086421251297,0.6756807565689087,0.526525616645813,0.7563876509666443,0.6479707956314087,0.5561188814731745,0.7081339955329895,0.8105030059814453,0.637982189655304,0.6967465877532959,0.5470737814903259,0.7651245594024658,0.6792792677879333,0.5390078329614231,9.229423231234973e-05,32.06
37,0.690504789352417,0.7825294137001038,0.625862717628479,0.6809815764427185,0.5329415202140808,0.758029043674469,0.6554871201515198,0.5542093503933686,0.7188995480537415,0.8055368661880493,0.6178861856460571,0.6977794170379639,0.56886225938797,0.6761565804481506,0.7405405640602112,0.553731524518558,9.187246438772937e-05,31.27
38,0.6783353090286255,0.7745606303215027,0.6115042567253113,0.6685261726379395,0.5202223062515259,0.7416373491287231,0.6455292105674744,0.559343614257299,0.7009569406509399,0.8055015802383423,0.6223564743995667,0.6874158382415771,0.5406824350357056,0.7330960631370544,0.684684693813324,0.5416158714464733,9.144048842659079e-05,31.52
39,0.6762319803237915,0.7806104421615601,0.6127583384513855,0.6672930717468262,0.5174506902694702,0.7511013150215149,0.6374828815460205,0.5519861240799611,0.7212918400764465,0.8076624870300293,0.6283891797065735,0.7027113437652588,0.5693641901016235,0.7010676264762878,0.73153156042099,0.5407699570059776,9.099841101253865e-05,31.21
40,0.6890023946762085,0.7845489978790283,0.6217105388641357,0.678839921951294,0.5320612788200378,0.7476922869682312,0.6585254669189453,0.5519572734259642,0.7523923516273499,0.8116956949234009,0.5884692072868347,0.7056974172592163,0.6666666865348816,0.5266903638839722,0.8666666746139526,0.5670641596828189,9.054634122155989e-05,31.34
41,0.6971153616905212,0.7914621829986572,0.6248604655265808,0.6854461431503296,0.5414382219314575,0.7386713624000549,0.675564706325531,0.5454152103226918,0.7141148447990417,0.8074444532394409,0.6317411661148071,0.6990572810173035,0.5570651888847351,0.7295373678207397,0.7063062787055969,0.5421042963862419,9.008439059511098e-05,31.29
42,0.685546875,0.7860677242279053,0.619108259677887,0.6756792068481445,0.5279329419136047,0.748350203037262,0.6529774069786072,0.5482241743459151,0.6686602830886841,0.7999327182769775,0.6231292486190796,0.6637524366378784,0.5044052600860596,0.8149465918540955,0.5945945978164673,0.544824198952743,8.961267311259666e-05,31.16
43,0.6843449473381042,0.7859727144241333,0.6208265423774719,0.6752312183380127,0.5263158082962036,0.7567092180252075,0.6468172669410706,0.5472604557871819,0.7057416439056396,0.8112788796424866,0.6360946893692017,0.6945533752441406,0.5443037748336792,0.7651245594024658,0.6756756901741028,0.5343391246029309,8.913130516324732e-05,31.1
44,0.6879507303237915,0.7870420813560486,0.622432291507721,0.6782625913619995,0.5305237174034119,0.7528584003448486,0.654267430305481,0.5479502526040261,0.6674641370773315,0.806617259979248,0.6293333172798157,0.6639074087142944,0.5031982660293579,0.8398576378822327,0.5801801681518555,0.5369131873760905,8.864040551740156e-05,31.16
45,0.6837440133094788,0.7837237119674683,0.6235020756721497,0.6754344701766968,0.5254748463630676,0.7664907574653625,0.6408032774925232,0.5497972331941128,0.6650717854499817,0.8012888431549072,0.6266666650772095,0.6614894866943359,0.5010660886764526,0.836298942565918,0.5783783793449402,0.5411527763519969,8.814009529720153e-05,31.15
46,0.6926081776618958,0.7897068858146667,0.6274580955505371,0.6829106211662292,0.5352594256401062,0.758029043674469,0.6586812734603882,0.5455014997949967,0.6626794338226318,0.8084062933921814,0.628947377204895,0.6598684191703796,0.4989561438560486,0.8505337834358215,0.5675675868988037,0.5382283266101565,8.763049794670775e-05,31.11
47,0.698167085647583,0.79068922996521,0.6333272457122803,0.6884241104125977,0.5418488383293152,0.7619674801826477,0.6649920344352722,0.5447497161535116,0.6686602830886841,0.8090859651565552,0.6291834115982056,0.6648619771003723,0.504291832447052,0.836298942565918,0.5837838053703308,0.5294770779354232,8.711173920144117e-05,31.19
48,0.6938101053237915,0.7913703918457031,0.6260550618171692,0.6834167242050171,0.5373228192329407,0.7498900890350342,0.6646884083747864,0.5417929922158902,0.739234447479248,0.8120418787002563,0.6228373646736145,0.711784303188324,0.6060606241226196,0.6405693888664246,0.7891891598701477,0.5691426428300994,8.658394705735987e-05,31.44
49,0.6893028616905212,0.7861929535865784,0.6326820850372314,0.6817406415939331,0.5303752422332764,0.7838908433914185,0.6402828693389893,0.549298670142889,0.7272727489471436,0.8105350732803345,0.6187291145324707,0.7032192945480347,0.5835962295532227,0.6583629846572876,0.7621621489524841,0.5523587124688285,8.604725173927785e-05,31.29
50,0.6927584409713745,0.7914254665374756,0.6249770522117615,0.6823829412460327,0.5353440046310425,0.75066077709198,0.6627907156944275,0.541786467226652,0.5968899726867676,0.7951653003692627,0.605847954750061,0.5966815948486328,0.45121949911117554,0.9217081665992737,0.4324324429035187,0.5753097512892315,8.55017856687341e-05,31.94
51,0.6875,0.7892659902572632,0.6265709400177002,0.6789532899856567,0.5294296145439148,0.7673702836036682,0.6460520029067993,0.5432222528526416,0.7488038539886475,0.8114392161369324,0.6139705777168274,0.7139002084732056,0.6349809765815735,0.5943060517311096,0.8270270228385925,0.5678470017654556,8.494768343131955e-05,31.13
52,0.7007211446762085,0.7969367504119873,0.636761486530304,0.6911451816558838,0.5440947413444519,0.767472505569458,0.6660580039024353,0.5377172704499501,0.7033492922782898,0.8084703683853149,0.6477272510528564,0.695764422416687,0.5390070676803589,0.8113878965377808,0.6486486196517944,0.5343672548021589,8.438508174347009e-05,31.17
53,0.6926081776618958,0.7874652147293091,0.6252747178077698,0.6823520660400391,0.5356134176254272,0.7509898543357849,0.662331759929657,0.5448844011586446,0.7188995480537415,0.8115482330322266,0.6251993775367737,0.70015949010849,0.5664739608764648,0.6975088715553284,0.7297297120094299,0.544727203569242,8.381411941873378e-05,31.22
54,0.6875,0.79264235496521,0.62468421459198,0.6784939765930176,0.5295197367668152,0.761548638343811,0.649098813533783,0.540492947284992,0.7416267991065979,0.8143310546875,0.6387959718704224,0.7188392877578735,0.602523684501648,0.6797152757644653,0.7729730010032654,0.5425161384046078,8.323493733352076e-05,31.16
55,0.6957632303237915,0.7909197807312012,0.6282356977462769,0.6853829622268677,0.5390674471855164,0.7527496814727783,0.6662103533744812,0.5428517343333135,0.7021530866622925,0.8096694946289062,0.6386066675186157,0.6926501989364624,0.5392156839370728,0.7829181551933289,0.661261260509491,0.5303788068039077,8.264767839234409e-05,31.07
56,0.697265625,0.79878830909729,0.6343676447868347,0.6880336999893188,0.540006160736084,0.7686895132064819,0.660200834274292,0.5365292533085897,0.7260765433311462,0.8111506700515747,0.6276422739028931,0.7054957151412964,0.5778443217277527,0.6868327260017395,0.745945930480957,0.577797665127686,8.205248749256013e-05,31.14
57,0.704176664352417,0.7976408004760742,0.6363804340362549,0.6935226321220398,0.5485514402389526,0.7576956748962402,0.6764034628868103,0.5374953617843298,0.6734449863433838,0.8059375882148743,0.6295793652534485,0.6688003540039062,0.5087719559669495,0.8256227970123291,0.5963963866233826,0.5403127787368638,8.144951148861741e-05,31.38
58,0.6977163553237915,0.7930160164833069,0.6309611201286316,0.687490701675415,0.54071044921875,0.7573755979537964,0.6668186783790588,0.540655044408945,0.7344497442245483,0.8084383010864258,0.6198630332946777,0.7079094648361206,0.5973597168922424,0.6441280841827393,0.7801801562309265,0.5611546694168023,8.083889915582234e-05,31.14
59,0.707932710647583,0.8034013509750366,0.6430407762527466,0.6979506015777588,0.5514960885047913,0.7710259556770325,0.6752565503120422,0.5318377095346267,0.6973684430122375,0.8076367974281311,0.6284875273704529,0.6865949630737305,0.5350000262260437,0.7615658640861511,0.6648648381233215,0.544852184930018,8.022080115363126e-05,31.35
60,0.6906550526618958,0.7922258377075195,0.6219937801361084,0.6801005005836487,0.5330396294593811,0.746584415435791,0.6617278456687927,0.5394501402401007,0.6830143332481384,0.8065211176872253,0.6374828815460205,0.6779338121414185,0.5177778005599976,0.8291814923286438,0.6090090274810791,0.5288098667349134,7.959536998847742e-05,31.08
61,0.6950120329856873,0.795708179473877,0.6295620203018188,0.6851844787597656,0.5380536317825317,0.7585752010345459,0.6620264649391174,0.5350645631551743,0.6818181872367859,0.810785174369812,0.6376021504402161,0.6770100593566895,0.5165562629699707,0.8327401876449585,0.6054053902626038,0.5363283008337021,7.896275997614229e-05,31.12
62,0.6980168223381042,0.7983188033103943,0.6365280151367188,0.689119815826416,0.5402086973190308,0.7746478915214539,0.658302903175354,0.535044924570964,0.7129186391830444,0.8076047897338867,0.6214510798454285,0.6951186060905457,0.5580736398696899,0.7010676264762878,0.7189189195632935,0.5385065685425486,7.832312720368047e-05,31.05
63,0.6948617696762085,0.7961403131484985,0.626035749912262,0.6841636896133423,0.5378044843673706,0.7488986849784851,0.6668946743011475,0.5366229131244696,0.6686602830886841,0.8056554794311523,0.6321381330490112,0.665361762046814,0.5042372941970825,0.8469750881195068,0.5783783793449402,0.530352272093296,7.767662949090751e-05,31.12
64,0.6980168223381042,0.7971434593200684,0.6322722434997559,0.6880453824996948,0.5413534045219421,0.7598944306373596,0.6659059524536133,0.5340645708716832,0.6913875341415405,0.8150299787521362,0.6386554837226868,0.6846722364425659,0.5265588760375977,0.8113878965377808,0.630630612373352,0.5345703645476273,7.702342635146032e-05,31.1
65,0.6965144276618958,0.7977110147476196,0.6331275105476379,0.6871761083602905,0.539127767086029,0.7668280005455017,0.6600502133369446,0.5367630637035921,0.6866028904914856,0.8055272102355957,0.6246418356895447,0.6778240203857422,0.5227817893028259,0.7758007049560547,0.6414414644241333,0.5324918212635177,7.636367895343945e-05,31.26
66,0.7010216116905212,0.8006370663642883,0.6367287039756775,0.6913539171218872,0.5443196296691895,0.7669305205345154,0.6668187975883484,0.5357285141944885,0.7547847032546997,0.8115866780281067,0.6124763488769531,0.7165619134902954,0.6532257795333862,0.5765124559402466,0.8450450301170349,0.5446811563202313,7.569755007964337e-05,31.15
67,0.6986178159713745,0.7966371774673462,0.6344752311706543,0.689042329788208,0.5415241122245789,0.7659480571746826,0.6637006402015686,0.5346078156278684,0.7033492922782898,0.8107017874717712,0.6405797004699707,0.6940169334411621,0.5403422713279724,0.7864768505096436,0.661261260509491,0.5323560376252446,7.502520408740417e-05,31.39
68,0.6882511973381042,0.7939887046813965,0.6201720833778381,0.6779035925865173,0.5310344696044922,0.7452705502510071,0.6586812734603882,0.5370984189212322,0.6937798857688904,0.8124715089797974,0.6414566040039062,0.6871166229248047,0.5288683772087097,0.8149465918540955,0.6324324607849121,0.5224546013133866,7.434680686803489e-05,31.24
69,0.701171875,0.7995538711547852,0.6348448395729065,0.6909761428833008,0.5450819730758667,0.7599999904632568,0.6706231236457825,0.5339465241592664,0.6782296895980835,0.8149594068527222,0.6398928761482239,0.6745409965515137,0.5128755569458008,0.8505337834358215,0.5909910202026367,0.5177757378135409,7.366252580589837e-05,32.1
70,0.706129789352417,0.8052347898483276,0.637643575668335,0.6952433586120605,0.5505438446998596,0.7574824094772339,0.6795164346694946,0.5265862678106015,0.7368420958518982,0.8091886043548584,0.6219931244850159,0.7100791335105896,0.6013289093971252,0.6441280841827393,0.7837837934494019,0.5665742664464882,7.297252973710755e-05,31.25
71,0.7026742696762085,0.8008534908294678,0.6370804905891418,0.6926336288452148,0.5460547208786011,0.7645246386528015,0.6706204414367676,0.5316519737243652,0.6925837397575378,0.8055785298347473,0.6344239115715027,0.6846010088920593,0.528436005115509,0.7935943007469177,0.6414414644241333,0.5325366599219186,7.227698890786778e-05,31.23
72,0.6906550526618958,0.7953908443450928,0.62813800573349,0.6816574335098267,0.5326187014579773,0.7654049396514893,0.6519160866737366,0.5338792416911858,0.6949760913848877,0.8098169565200806,0.6433566212654114,0.688449501991272,0.5299538969993591,0.8185053467750549,0.6324324607849121,0.5305225199886731,7.157607493247108e-05,31.12
73,0.6996694803237915,0.7980313301086426,0.6358171105384827,0.6901443004608154,0.5425994992256165,0.767707884311676,0.6643851399421692,0.5361574564415675,0.6758373379707336,0.8134558200836182,0.6381842494010925,0.6722882390022278,0.5106837749481201,0.8505337834358215,0.5873873829841614,0.52378618397883,7.086996075095288e-05,31.48
74,0.7013221383094788,0.8051357269287109,0.6394631862640381,0.6922630071640015,0.5441358089447021,0.7752858400344849,0.6629393100738525,0.5282660943384354,0.6913875341415405,0.8136577606201172,0.6386554837226868,0.6846722364425659,0.5265588760375977,0.8113878965377808,0.630630612373352,0.5420307660741466,7.015882058642162e-05,31.14
75,0.696364164352417,0.8021033406257629,0.6350008845329285,0.6875326037406921,0.5390984416007996,0.7724077105522156,0.6568493247032166,0.52908632846979,0.6866028904914856,0.8061813116073608,0.6309859156608582,0.6793183088302612,0.5221444964408875,0.7971529960632324,0.630630612373352,0.5332051494291851,6.944282990207194e-05,31.25
76,0.704176664352417,0.8034553527832031,0.6379849314689636,0.6939448118209839,0.5476641654968262,0.7639806270599365,0.6732041239738464,0.5278484735351342,0.6949760913848877,0.80732262134552,0.6351931095123291,0.6865584850311279,0.5311004519462585,0.790035605430603,0.6468468308448792,0.5275313737136977,6.872216535789156e-05,31.11
77,0.7034254670143127,0.7997139692306519,0.6397809982299805,0.6938690543174744,0.5469578504562378,0.770549476146698,0.6685688495635986,0.5316541725053237,0.6937798857688904,0.8082203269004822,0.6434540152549744,0.6875550746917725,0.5286040902137756,0.8220640420913696,0.6288288235664368,0.5311319891895566,6.799700476707322e-05,31.41
78,0.7034254670143127,0.8060578107833862,0.6389904618263245,0.6936665773391724,0.5473057627677917,0.767574667930603,0.6700913310050964,0.5272506764875009,0.7045454382896423,0.8048860430717468,0.6351550817489624,0.6934569478034973,0.5429292917251587,0.7651245594024658,0.6738739013671875,0.5370894606624331,6.726752705214193e-05,31.0
79,0.7053785920143127,0.8068161010742188,0.6386585831642151,0.6949792504310608,0.5494610071182251,0.7624285221099854,0.6757928133010864,0.5237213920515317,0.7595694065093994,0.8098105192184448,0.5803757905960083,0.7059464454650879,0.7020202279090881,0.49466192722320557,0.8936936855316162,0.6164376349853617,6.653391220080839e-05,31.26
80,0.707932710647583,0.8059247732162476,0.6386616826057434,0.6967892646789551,0.5536577701568604,0.7545015215873718,0.6837177276611328,0.5237701833248138,0.6877990365028381,0.8078612089157104,0.633941113948822,0.6808912754058838,0.5231481194496155,0.8042704463005066,0.6288288235664368,0.52872872831566,6.579634122155988e-05,31.2
81,0.6971153616905212,0.800152063369751,0.6317135691642761,0.6872525215148926,0.5403125286102295,0.7603341937065125,0.6643085479736328,0.5319422328701386,0.7236841917037964,0.8137667775154114,0.6505295038223267,0.7110214233398438,0.5657894611358643,0.7651245594024658,0.7027027010917664,0.5247569334294114,6.505499609899904e-05,31.2
82,0.7130408883094788,0.8070732355117798,0.6457715034484863,0.7023049592971802,0.558012843132019,0.766285240650177,0.685447096824646,0.5229090836185676,0.6877990365028381,0.8109647035598755,0.6390041708946228,0.6819889545440674,0.5226244330406189,0.8220640420913696,0.6198198199272156,0.5266108108418328,6.431005974894185e-05,31.23
83,0.7064303159713745,0.8109852075576782,0.6436907649040222,0.6970369815826416,0.549501895904541,0.7768486142158508,0.6699361205101013,0.5195618753249829,0.6842105388641357,0.8104068040847778,0.6353591084480286,0.6784390211105347,0.519187331199646,0.8185053467750549,0.616216242313385,0.5249891845243317,6.356171597328594e-05,31.34
84,0.7026742696762085,0.8035268783569336,0.6385388374328613,0.6930093765258789,0.5462499856948853,0.768351674079895,0.6685688495635986,0.5320311965277562,0.690191388130188,0.8150171637535095,0.6417704224586487,0.6844257712364197,0.5248869061470032,0.8256227970123291,0.6216216087341309,0.5257758727031094,6.28101494146603e-05,31.26
85,0.7104867696762085,0.8106932640075684,0.6516000628471375,0.7019727230072021,0.5532698631286621,0.7924362421035767,0.6679598093032837,0.5204224483324931,0.7057416439056396,0.8096758723258972,0.6392961740493774,0.6954056620597839,0.5436409115791321,0.7758007049560547,0.6702702641487122,0.5293522530368396,6.205554551086731e-05,31.15
86,0.7103365659713745,0.8094457387924194,0.644149124622345,0.6999565362930298,0.5552020072937012,0.7670329809188843,0.6808947920799255,0.5212204897632966,0.7452152967453003,0.8148632645606995,0.6216696500778198,0.7148023843765259,0.6205673813819885,0.6227757930755615,0.8072072267532349,0.5660819986036846,6.129809044912885e-05,31.19
87,0.7107872366905212,0.810233473777771,0.6437164545059204,0.7001614570617676,0.5555910468101501,0.7650681734085083,0.6826374530792236,0.5198918005021719,0.7117224931716919,0.808899998664856,0.6309341788291931,0.697213888168335,0.5537634491920471,0.7330960631370544,0.7009009122848511,0.5447391319487777,6.0537971120147364e-05,31.16
88,0.7095853090286255,0.8099750280380249,0.6444730758666992,0.699506402015686,0.5540797114372253,0.7701098918914795,0.6781556606292725,0.521067024136965,0.6961722373962402,0.8034433126449585,0.6242603659629822,0.6846201419830322,0.5341772437095642,0.7508896589279175,0.6684684753417969,0.5359975599816867,5.977537507199337e-05,31.13
89,0.711838960647583,0.8094756007194519,0.6432291865348816,0.7007728815078735,0.5568438172340393,0.7613385915756226,0.6862029433250427,0.5216255460221034,0.6949760913848877,0.809682309627533,0.6341463327407837,0.686303973197937,0.53125,0.7864768505096436,0.6486486196517944,0.5319441642080035,5.9010490463830756e-05,31.14
90,0.7037259340286255,0.808141827583313,0.6409322619438171,0.6943792104721069,0.5472636818885803,0.7732864618301392,0.6675798892974854,0.5211695386813238,0.6650717854499817,0.8138245344161987,0.6306068897247314,0.66213059425354,0.50104820728302,0.8505337834358215,0.5711711645126343,0.5272058216588837,5.8243506019491416e-05,31.18
91,0.698317289352417,0.8078933954238892,0.6391085386276245,0.6899724006652832,0.540097177028656,0.7825704216957092,0.6546533107757568,0.5211330471703639,0.6614832282066345,0.8085024356842041,0.6310299634933472,0.659161388874054,0.49794238805770874,0.8612099885940552,0.5603603720664978,0.5362809066261564,5.7474610980910334e-05,31.08
92,0.7055288553237915,0.8094417452812195,0.6427269577980042,0.6961398720741272,0.5490501523017883,0.774945080280304,0.6694818735122681,0.5211914259080703,0.6650717854499817,0.810522198677063,0.6306068897247314,0.66213059425354,0.50104820728302,0.8505337834358215,0.5711711645126343,0.5278609650475639,5.6703995061433054e-05,31.13
93,0.6960636973381042,0.8049806356430054,0.6318471431732178,0.6865260601043701,0.5389630794525146,0.7634124755859375,0.6611136198043823,0.5232264084311632,0.7117224931716919,0.8132795095443726,0.6429629921913147,0.7006189227104187,0.5507614016532898,0.77224200963974,0.6810810565948486,0.5310039483010769,5.593184839900673e-05,31.18
94,0.708082914352417,0.8088396787643433,0.6448546648025513,0.6985273361206055,0.5522855520248413,0.7747035622596741,0.6734414100646973,0.5215199804649904,0.6746411323547363,0.8039819002151489,0.631436288356781,0.6701078414916992,0.5098468065261841,0.8291814923286438,0.5963963866233826,0.5265328362584114,5.515836150926645e-05,32.25
95,0.7035757303237915,0.8098964095115662,0.6413379311561584,0.6943727135658264,0.5459610223770142,0.7770925164222717,0.6655266880989075,0.520161302616963,0.6818181872367859,0.8069058656692505,0.6325966715812683,0.6760029792785645,0.5169300436973572,0.8149465918540955,0.614414393901825,0.5338698646851948,5.4383725238528314e-05,31.32
96,0.7058293223381042,0.8115429282188416,0.642700731754303,0.6963503360748291,0.5491113066673279,0.7747470140457153,0.6700890064239502,0.5182574609151254,0.709330141544342,0.8181782960891724,0.6483357548713684,0.7003146409988403,0.5463414788246155,0.7971529960632324,0.6648648381233215,0.5508118915770736,5.3608130716701005e-05,31.32
97,0.713942289352417,0.8134730458259583,0.649355411529541,0.703896164894104,0.5579113960266113,0.7766519784927368,0.6814865469932556,0.5188695169412173,0.7009569406509399,0.8124010562896729,0.6468926668167114,0.6937782764434814,0.5362997651100159,0.8149465918540955,0.6432432532310486,0.5450289350535188,5.28317693101273e-05,31.3
98,0.7064303159713745,0.8100830316543579,0.6422556042671204,0.6966692209243774,0.5498432517051697,0.7720070481300354,0.6724452376365662,0.517746722468963,0.720095694065094,0.8085281252861023,0.6355140209197998,0.7041647434234619,0.5650969743728638,0.725978672504425,0.7171171307563782,0.5456529179854053,5.205483257436734e-05,31.24
99,0.717848539352417,0.8154624700546265,0.6498881578445435,0.706801176071167,0.5635305643081665,0.7675033211708069,0.692132294178009,0.5159150946598786,0.6973684430122375,0.8117918968200684,0.6370157599449158,0.6887643337249756,0.5336538553237915,0.790035605430603,0.6504504680633545,0.5191544177276748,5.1277512206935114e-05,32.13
100,0.7133413553237915,0.8107274770736694,0.6464047431945801,0.7026869654655457,0.5587952733039856,0.7665933966636658,0.6856881976127625,0.5185905144764826,0.6961722373962402,0.8110737204551697,0.6350574493408203,0.6874057650566101,0.5325301289558411,0.7864768505096436,0.6504504680633545,0.521962827869824,5.049999999999999e-05,32.34
101,0.7131910920143127,0.8146314024925232,0.6494030952453613,0.7033719420433044,0.5570258498191833,0.778511643409729,0.6793614625930786,0.5155988705272858,0.6698564887046814,0.8060786724090576,0.6280323266983032,0.6656290292739868,0.5054230093955994,0.8291814923286438,0.5891891717910767,0.532122012759958,4.9722487793064875e-05,31.83
102,0.7179988026618958,0.8170684576034546,0.6522141695022583,0.7075347900390625,0.5635606646537781,0.7739665508270264,0.6889548301696777,0.511853411507148,0.7021530866622925,0.8142092227935791,0.6447931528091431,0.6941782236099243,0.538095235824585,0.8042704463005066,0.6504504680633545,0.5195164350526673,4.8945167425632636e-05,31.74
103,0.7219050526618958,0.8185366988182068,0.6556279063224792,0.7112082242965698,0.5678375959396362,0.7755281925201416,0.6941149830818176,0.5123137410443562,0.7021530866622925,0.8157930374145508,0.6447931528091431,0.6941782236099243,0.538095235824585,0.8042704463005066,0.6504504680633545,0.5176412633487156,4.816823068987268e-05,32.19
104,0.7130408883094788,0.8164443373680115,0.6483799815177917,0.702997088432312,0.5572784543037415,0.7750880122184753,0.6808850169181824,0.5126375773778329,0.7033492922782898,0.8118687868118286,0.6363636255264282,0.6929292678833008,0.5411471128463745,0.77224200963974,0.6684684753417969,0.5432572465922151,4.7391869283298976e-05,31.84
105,0.7202523946762085,0.817367434501648,0.652092695236206,0.709086537361145,0.5663745403289795,0.7683839797973633,0.6953249573707581,0.5156842143489764,0.6806219816207886,0.8092719316482544,0.6337448358535767,0.6753029823303223,0.515625,0.8220640420913696,0.6090090274810791,0.5384300649166107,4.6616274761471674e-05,31.86
106,0.7175480723381042,0.8191896677017212,0.6502976417541504,0.7067012786865234,0.5635074377059937,0.7686895132064819,0.6910086870193481,0.5081238546050512,0.6913875341415405,0.8101247549057007,0.6355932354927063,0.6839791536331177,0.5269320607185364,0.8007117509841919,0.6360360383987427,0.5276309209210532,4.5841638490733534e-05,32.0
107,0.7127403616905212,0.8205512762069702,0.6476225852966309,0.7025837898254395,0.5574238300323486,0.7726473212242126,0.6816521883010864,0.5065143214395413,0.6387559771537781,0.8018338680267334,0.6234413981437683,0.6381574869155884,0.47984644770622253,0.8896797299385071,0.5117117166519165,0.5648738890886307,4.506815160099326e-05,31.85
108,0.7103365659713745,0.8141234517097473,0.6474030613899231,0.7008050680160522,0.5541640520095825,0.7783641219139099,0.67503422498703,0.5144509939620128,0.6782296895980835,0.8090090155601501,0.6408544778823853,0.674706757068634,0.5128205418586731,0.854092538356781,0.5891891717910767,0.5225079996245248,4.429600493856694e-05,31.72
109,0.711838960647583,0.8121886253356934,0.6436269283294678,0.7008802890777588,0.5567341446876526,0.7626596093177795,0.6855188012123108,0.5150693700863764,0.6949760913848877,0.8106761574745178,0.633093535900116,0.686045229434967,0.5314009785652161,0.7829181551933289,0.6504504680633545,0.5275505131908825,4.352538901908967e-05,31.9
110,0.71484375,0.8171449899673462,0.6487786769866943,0.7043842673301697,0.5597062706947327,0.7715669274330139,0.685447096824646,0.5113030548852223,0.7452152967453003,0.8141771554946899,0.6230088472366333,0.7152984738349915,0.6197183132171631,0.626334547996521,0.8054053783416748,0.5406793755080018,4.275649398050857e-05,31.75
111,0.7243089079856873,0.8231366276741028,0.6591120362281799,0.7138415575027466,0.5704180002212524,0.7804663181304932,0.6951859593391418,0.5053763934052907,0.7057416439056396,0.8179923892021179,0.6465517282485962,0.6972512602806091,0.5421686768531799,0.8007117509841919,0.6576576828956604,0.5224879916225161,4.198950953616922e-05,31.82
112,0.721604585647583,0.8198898434638977,0.655896008014679,0.7110689878463745,0.567298412322998,0.7772887349128723,0.6927463412284851,0.5094772955546012,0.720095694065094,0.8158186674118042,0.6432926654815674,0.706488847732544,0.562666654586792,0.7508896589279175,0.7045044898986816,0.5267503442508834,4.122462492800663e-05,32.18
113,0.7210035920143127,0.8224571943283081,0.6573168635368347,0.7110225558280945,0.5666560530662537,0.7825132012367249,0.6890410780906677,0.5057824007593669,0.6973684430122375,0.813978374004364,0.6262924671173096,0.6860105991363525,0.5353535413742065,0.754448413848877,0.6684684753417969,0.5219583138823509,4.046202887985264e-05,31.89
114,0.7185997366905212,0.8223093748092651,0.6535971760749817,0.7083292603492737,0.5639961957931519,0.7770448327064514,0.6882702112197876,0.5068801833459964,0.7105262875556946,0.8111249804496765,0.6388059854507446,0.6986445188522339,0.5501285195350647,0.7615658640861511,0.684684693813324,0.5365411580673286,3.970190955087116e-05,31.84
115,0.71484375,0.8155992031097412,0.6473429799079895,0.703999400138855,0.5599485635757446,0.7670629620552063,0.687799334526062,0.5140265977153411,0.7260765433311462,0.8153954744338989,0.6324237585067749,0.7070603370666504,0.5760233998298645,0.7010676264762878,0.7387387156486511,0.5348332157092435,3.894445448913268e-05,31.83
116,0.7195011973381042,0.8217078447341919,0.6535535454750061,0.7089552283287048,0.5646040439605713,0.775770902633667,0.6903784871101379,0.505578831411325,0.7045454382896423,0.8108300566673279,0.6340740919113159,0.6931654214859009,0.5431472063064575,0.7615658640861511,0.6756756901741028,0.5439041847629207,3.818985058533969e-05,32.26
117,0.7244591116905212,0.8208723664283752,0.6562968492507935,0.7131785154342651,0.5720352530479431,0.769670307636261,0.7009814977645874,0.5063436888158321,0.7224880456924438,0.8164983987808228,0.6516516804695129,0.7105176448822021,0.5636363625526428,0.77224200963974,0.6972972750663757,0.5236361149166312,3.7438284026714043e-05,32.13
118,0.7210035920143127,0.8211684823036194,0.6538676619529724,0.7100973129272461,0.5670869946479797,0.7720070481300354,0.6945711970329285,0.5086800433122195,0.6985645890235901,0.812875509262085,0.6315789222717285,0.6882591247558594,0.5359801650047302,0.7686832547187805,0.6630630493164062,0.520184223140989,3.668994025105816e-05,31.82
119,0.7240084409713745,0.8246365785598755,0.6593732833862305,0.7136998176574707,0.5696892142295837,0.7825704216957092,0.6936587691307068,0.5026282857243831,0.7177033424377441,0.8160046339035034,0.6289308071136475,0.7005658149719238,0.5633803009986877,0.7117437720298767,0.7207207083702087,0.5194010420569352,3.5945003901000964e-05,31.95
120,0.7211538553237915,0.8226835131645203,0.6538605093955994,0.7102006673812866,0.5676813721656799,0.7708883285522461,0.6953445672988892,0.501905431254552,0.6686602830886841,0.8103619813919067,0.6360052824020386,0.6659718751907349,0.5041666626930237,0.8612099885940552,0.5711711645126343,0.5299305255923953,3.5203658778440126e-05,31.75
121,0.727463960647583,0.8268194198608398,0.6601723432540894,0.716341495513916,0.5746901631355286,0.7755281925201416,0.7025547623634338,0.49995793058322024,0.690191388130188,0.8108877539634705,0.6357243061065674,0.6831066608428955,0.525581419467926,0.8042704463005066,0.6324324607849121,0.5194196168865476,3.446608779919161e-05,31.86
122,0.719651460647583,0.8206613659858704,0.6543164253234863,0.7092658281326294,0.5651199817657471,0.7769467830657959,0.6899384260177612,0.5057943291389025,0.6937798857688904,0.8135488033294678,0.6363636255264282,0.6859503984451294,0.5295508503913879,0.7971529960632324,0.6414414644241333,0.5223581173590252,3.3732472947858084e-05,32.01
123,0.7231069803237915,0.8228994607925415,0.654933512210846,0.711860179901123,0.5704501271247864,0.7687911987304688,0.6993836760520935,0.5052672478442009,0.7224880456924438,0.8170369863510132,0.6386292576789856,0.7066932916641235,0.5678670406341553,0.7295373678207397,0.7189189195632935,0.5185037510735648,3.3002995232926785e-05,32.84
124,0.7241586446762085,0.823350727558136,0.6548871994018555,0.7125787734985352,0.5717098712921143,0.7663880586624146,0.7022587060928345,0.5027183360205247,0.7236841917037964,0.8133692741394043,0.6350710988044739,0.7063709497451782,0.5710227489471436,0.7153024673461914,0.7279279232025146,0.5315508964870658,3.2277834642108455e-05,32.38
125,0.7261117696762085,0.8271724581718445,0.6570084691047668,0.7145240306854248,0.5739644765853882,0.7681478261947632,0.7043120861053467,0.5000529739146049,0.7165071964263916,0.8167034983634949,0.648888885974884,0.7055878639221191,0.5558375716209412,0.7793594598770142,0.684684693813324,0.527004312723875,3.155717009792807e-05,32.96
126,0.7154446840286255,0.8183704614639282,0.6459813117980957,0.7040506601333618,0.5608568787574768,0.7615689635276794,0.6915887594223022,0.5090922882350591,0.7045454382896423,0.810002863407135,0.6240487098693848,0.6903494596481323,0.5452127456665039,0.7295373678207397,0.6918919086456299,0.5278208457997867,3.084117941357835e-05,32.97
127,0.7173978090286255,0.8207165002822876,0.6499162316322327,0.7064923048019409,0.5634075403213501,0.767810046672821,0.6912368535995483,0.5074880406833612,0.7069377899169922,0.8188580274581909,0.6412884593009949,0.6967817544937134,0.5447761416435242,0.7793594598770142,0.6702702641487122,0.524599270096847,3.0130039249047115e-05,32.75
128,0.7264122366905212,0.8200365304946899,0.6564798951148987,0.7145837545394897,0.5738786458969116,0.7668576240539551,0.7054935097694397,0.5084108922343987,0.6949760913848877,0.8215318918228149,0.6502057909965515,0.6898961067199707,0.5290178656578064,0.8434163928031921,0.6198198199272156,0.5145884432962963,2.9423925067528905e-05,32.96
129,0.7175480723381042,0.8211230039596558,0.6515937447547913,0.7070500254631042,0.5631005764007568,0.7730870842933655,0.6887266039848328,0.5088627748191357,0.7033492922782898,0.8148055672645569,0.6416184902191162,0.6942785978317261,0.540145993232727,0.790035605430603,0.6594594717025757,0.5291217363306454,2.87230110921322e-05,32.03
130,0.723707914352417,0.8244560956954956,0.6592551469802856,0.7134557366371155,0.5692800283432007,0.7830105423927307,0.6929744482040405,0.5035155131839789,0.7188995480537415,0.8169535994529724,0.6367851495742798,0.7037584185600281,0.562841534614563,0.7330960631370544,0.7117117047309875,0.5343382757689271,2.8027470262892437e-05,32.03
131,0.7234074473381042,0.8261930346488953,0.6571056246757507,0.7126646041870117,0.570135772228241,0.7753846049308777,0.6964163184165955,0.5004744913715583,0.7045454382896423,0.8144849538803101,0.6274510025978088,0.6913270950317383,0.5445026159286499,0.7402135133743286,0.6864864826202393,0.5241857133805752,2.7337474194101628e-05,32.31
132,0.7283653616905212,0.8284534811973572,0.6605332493782043,0.7170685529708862,0.5767213106155396,0.7728471159934998,0.705251157283783,0.49783916800067973,0.7069377899169922,0.8159084320068359,0.6454414129257202,0.6978481411933899,0.5439024567604065,0.7935943007469177,0.6630630493164062,0.5169236159750393,2.6653193131965085e-05,31.93
133,0.7247596383094788,0.8238922357559204,0.657442033290863,0.7137033939361572,0.5718932747840881,0.7730870842933655,0.699680507183075,0.5060883852151724,0.7188995480537415,0.818979799747467,0.6528803706169128,0.7083497047424316,0.558080792427063,0.7864768505096436,0.684684693813324,0.5151034795812198,2.5974795912595822e-05,32.08
134,0.723707914352417,0.8270585536956787,0.6576056480407715,0.7130113840103149,0.5696774125099182,0.7776309847831726,0.6957810521125793,0.49833696679427075,0.6913875341415405,0.8099387884140015,0.6303724646568298,0.682742714881897,0.5275779366493225,0.7829181551933289,0.6450450420379639,0.5187177306839398,2.530244992035662e-05,32.18
135,0.7170973420143127,0.8255049586296082,0.6503250002861023,0.7063912153244019,0.5630224943161011,0.769670307636261,0.6897968649864197,0.49876525367681795,0.6985645890235901,0.8126703500747681,0.6399999856948853,0.6903703212738037,0.5346062183380127,0.7971529960632324,0.6486486196517944,0.5193914355976241,2.4636321046560534e-05,32.33
136,0.7273136973381042,0.8263300657272339,0.6613174080848694,0.7165508270263672,0.5740200877189636,0.7799295783042908,0.700045645236969,0.49957473002947295,0.6734449863433838,0.8092975616455078,0.6335570216178894,0.6695293188095093,0.5086206793785095,0.8398576378822327,0.5891891717910767,0.521744290632861,2.3976573648539653e-05,31.92
137,0.7301682829856873,0.8280990719795227,0.6620248556137085,0.7187343835830688,0.5778580904006958,0.7748898863792419,0.7070223689079285,0.49951975448773456,0.690191388130188,0.8134333491325378,0.6427586078643799,0.6846317052841187,0.5247747898101807,0.8291814923286438,0.6198198199272156,0.522203595510551,2.332337050909247e-05,31.82
138,0.7289663553237915,0.8265054225921631,0.6661732196807861,0.7190248966217041,0.5752636790275574,0.791208803653717,0.6966446042060852,0.4989925344976095,0.7009569406509399,0.8154403567314148,0.6355684995651245,0.6910094022750854,0.5382716059684753,0.7758007049560547,0.6630630493164062,0.5202196474586215,2.267687279631953e-05,32.15
139,0.729417085647583,0.8282784223556519,0.6654282212257385,0.7191436290740967,0.5756991505622864,0.7882922291755676,0.6989051103591919,0.4997735120929204,0.7188995480537415,0.8201788663864136,0.6412213444709778,0.7050747871398926,0.5614973306655884,0.7473309636116028,0.7045044898986816,0.5274341627955437,2.203724002385771e-05,31.8
140,0.7318209409713745,0.8328670263290405,0.664662778377533,0.7206152677536011,0.5796199440956116,0.7789520025253296,0.7074116468429565,0.4925193620415834,0.7009569406509399,0.8107210397720337,0.6257485151290894,0.6883722543716431,0.5400516986846924,0.7437722682952881,0.6792792677879333,0.5368339499192578,2.1404630011522583e-05,31.94
141,0.7234074473381042,0.8250813484191895,0.6595154404640198,0.7133124470710754,0.5683774352073669,0.7854625582695007,0.6912904977798462,0.5026375694343677,0.7153109908103943,0.8115225434303284,0.6304348111152649,0.699458658695221,0.5592286586761475,0.7224199175834656,0.7117117047309875,0.536329235881567,2.077919884636874e-05,31.81
142,0.728515625,0.8290771245956421,0.6601467132568359,0.7170652151107788,0.5759763717651367,0.7731277346611023,0.7054263353347778,0.4964124821126461,0.7069377899169922,0.813346803188324,0.6504992842674255,0.6990910768508911,0.5428571701049805,0.8113878965377808,0.6540540456771851,0.5270438715815544,2.0161100844177653e-05,32.18
143,0.7292668223381042,0.8295702934265137,0.6608957648277283,0.7177947163581848,0.5770621299743652,0.7732276320457458,0.706499457359314,0.49807452582395995,0.7177033424377441,0.8162033557891846,0.6435045599937439,0.7049205899238586,0.5590550899505615,0.7580071091651917,0.6972972750663757,0.5359792672097683,1.9550488511382585e-05,32.36
144,0.7321214079856873,0.8316771984100342,0.663012683391571,0.7203606367111206,0.5804103016853333,0.773027777671814,0.7109642028808594,0.49397300670926386,0.7105262875556946,0.8190054893493652,0.6430678367614746,0.6998035311698914,0.5491183996200562,0.7758007049560547,0.6774774789810181,0.5178264911685672,1.8947512507439848e-05,32.18
145,0.732421875,0.8318338394165039,0.6641523838043213,0.7208887338638306,0.5809963941574097,0.7750880122184753,0.7103102207183838,0.494238172013026,0.7081339955329895,0.8109390735626221,0.6291793584823608,0.6942740678787231,0.5490716099739075,0.7366548180580139,0.6936936974525452,0.5374622834580285,1.8352321607655905e-05,32.69
146,0.7316706776618958,0.8310630321502686,0.662891685962677,0.7200158834457397,0.5806878209114075,0.7722075581550598,0.7106344103813171,0.4955661706626415,0.690191388130188,0.8091180324554443,0.6151559948921204,0.6779483556747437,0.5280612111091614,0.7366548180580139,0.6666666865348816,0.5345115374241557,1.776506266647923e-05,32.0
147,0.7270132303237915,0.8297795057296753,0.6578798890113831,0.7153916358947754,0.5752387046813965,0.7682498097419739,0.7056138515472412,0.4918036999610754,0.6985645890235901,0.8126125931739807,0.6358381509780884,0.6893476247787476,0.5352798104286194,0.7829181551933289,0.6558558344841003,0.5299839925553117,1.7185880581266205e-05,32.34
148,0.734375,0.830946683883667,0.6675441861152649,0.723189115524292,0.5831143260002136,0.7805628776550293,0.7104061841964722,0.4954225105734972,0.7153109908103943,0.816062331199646,0.64371258020401,0.703330397605896,0.5555555820465088,0.7651245594024658,0.6900901198387146,0.5255292228290013,1.66149182565299e-05,32.98
149,0.7279146909713745,0.8278239965438843,0.6621899008750916,0.7172099351882935,0.5748056769371033,0.7809063196182251,0.7004334926605225,0.4991676730032151,0.6925837397575378,0.8106889724731445,0.6425591111183167,0.6864421963691711,0.5273972749710083,0.8220640420913696,0.6270270347595215,0.5202422589063644,1.6052316568680434e-05,31.76
150,0.7303184866905212,0.8323304653167725,0.6618949174880981,0.7188019752502441,0.5787220001220703,0.7729872465133667,0.7081907391548157,0.4915044499704471,0.6997607946395874,0.8138116598129272,0.6357039213180542,0.6901815533638,0.5367646813392639,0.7793594598770142,0.6594594717025757,0.5270926265844277,1.5498214331265893e-05,32.2
151,0.720703125,0.8225479125976562,0.655804455280304,0.7104076147079468,0.5659955143928528,0.7794894576072693,0.6902372241020203,0.502564070889583,0.7033492922782898,0.8158699870109558,0.6384839415550232,0.6934813261032104,0.5407407283782959,0.7793594598770142,0.6648648381233215,0.529732518430267,1.4952748260722152e-05,32.33
152,0.7282151579856873,0.8313952088356018,0.6630657315254211,0.7176589965820312,0.5745642185211182,0.7837957143783569,0.6994298696517944,0.49394386605574536,0.6913875341415405,0.8133115172386169,0.640668511390686,0.6851141452789307,0.5263158082962036,0.8185053467750549,0.6270270347595215,0.5208564507109779,1.4416052942640132e-05,31.92
153,0.7325721383094788,0.8346747159957886,0.6659159064292908,0.7214850187301636,0.5808775424957275,0.7801231145858765,0.7078959345817566,0.49159014167693943,0.7165071964263916,0.8184796571731567,0.63705974817276,0.7022393941879272,0.5591397881507874,0.7402135133743286,0.7045044898986816,0.5333732472998756,1.388826079855881e-05,32.2
154,0.7307692170143127,0.835228681564331,0.665046751499176,0.7199888229370117,0.5774099230766296,0.7840458154678345,0.7032140493392944,0.4887375166782966,0.6937798857688904,0.8104068636894226,0.6300578117370605,0.684416651725769,0.5304136276245117,0.7758007049560547,0.6522522568702698,0.5257159870650087,1.3369502053292245e-05,31.94
155,0.7220553159713745,0.8263116478919983,0.6539468765258789,0.7108549475669861,0.5686402320861816,0.7693662047386169,0.6975364685058594,0.4972425647653066,0.7045454382896423,0.8169151544570923,0.6506364941596985,0.6973389387130737,0.5399060845375061,0.8185053467750549,0.6468468308448792,0.5153362601995468,1.2859904702798464e-05,32.12
156,0.7306190133094788,0.8337641954421997,0.6659213900566101,0.7201224565505981,0.5779430866241455,0.7854945063591003,0.7021228075027466,0.4922672054515435,0.6985645890235901,0.8128210306167603,0.6326530575752258,0.6885374784469604,0.5358024835586548,0.77224200963974,0.661261260509491,0.5188809840806893,1.2359594482598432e-05,31.93
157,0.7351261973381042,0.8378841876983643,0.6672956943511963,0.7236391305923462,0.5846560597419739,0.7771428823471069,0.7133074402809143,0.48567192256450653,0.7081339955329895,0.8147093653678894,0.6291793584823608,0.6942740678787231,0.5490716099739075,0.7366548180580139,0.6936936974525452,0.5312659814953804,1.1868694836752682e-05,32.32
158,0.7322716116905212,0.8311336636543274,0.6659167408943176,0.7212762832641602,0.5811518430709839,0.7796312570571899,0.7076290249824524,0.49565119210344094,0.6866028904914856,0.8131062984466553,0.6350975036621094,0.6802321672439575,0.52173912525177,0.8113878965377808,0.6234233975410461,0.5264175810984203,1.138732688740332e-05,31.92
159,0.728515625,0.8323479890823364,0.6638139486312866,0.7180730104446411,0.5756695866584778,0.7838312983512878,0.6997717022895813,0.4923247333902579,0.6985645890235901,0.8148696422576904,0.634782612323761,0.6890817284584045,0.5354523062705994,0.7793594598770142,0.6576576828956604,0.5206867951367583,1.0915609404889012e-05,32.39
160,0.7261117696762085,0.8290128111839294,0.6610894203186035,0.7156449556350708,0.5728092789649963,0.7815384864807129,0.6973294019699097,0.49665324132029826,0.6973684430122375,0.8110929727554321,0.6295754313468933,0.6868807077407837,0.53482586145401,0.7651245594024658,0.6630630493164062,0.5247212914483887,1.0453658778440102e-05,32.18
161,0.7252103090286255,0.8344324827194214,0.6583224534988403,0.7142598628997803,0.5720779299736023,0.7751869559288025,0.6992927193641663,0.4895046459367642,0.6985645890235901,0.816222608089447,0.6379310488700867,0.6898671388626099,0.5349397659301758,0.790035605430603,0.6522522568702698,0.526777404227427,1.0001588987461343e-05,32.0
162,0.7328726053237915,0.8358291387557983,0.6618486046791077,0.7205443382263184,0.5827193856239319,0.7658450603485107,0.7157846689224243,0.4872730617912916,0.6949760913848877,0.8134461641311646,0.6372688412666321,0.6870554685592651,0.5308057069778442,0.7971529960632324,0.6432432532310486,0.5296706504055432,9.559511573409192e-06,32.38
163,0.7312199473381042,0.8353221416473389,0.6617507934570312,0.7193834781646729,0.5804311633110046,0.7695690393447876,0.7113190293312073,0.48916395667653817,0.7009569406509399,0.8193645477294922,0.639769434928894,0.692072868347168,0.537530243396759,0.790035605430603,0.6558558344841003,0.5246949068137577,9.12753561227063e-06,32.12
164,0.7252103090286255,0.8301316499710083,0.657041072845459,0.7139071822166443,0.572549045085907,0.7707874774932861,0.7015742659568787,0.49295372143387794,0.6961722373962402,0.8141450881958008,0.6350574493408203,0.6874057650566101,0.5325301289558411,0.7864768505096436,0.6504504680633545,0.5205525447215352,8.705767687650263e-06,32.35
165,0.7253605723381042,0.825926661491394,0.6576778888702393,0.7141876220703125,0.5723598599433899,0.7728873491287231,0.7007299065589905,0.49801193980070263,0.7021530866622925,0.8160879611968994,0.6300148367881775,0.6903828382492065,0.5408163070678711,0.754448413848877,0.6756756901741028,0.5259515824062484,8.294311864472447e-06,45.66
166,0.7327223420143127,0.8305136561393738,0.6647823452949524,0.7212731242179871,0.5812191367149353,0.7764084339141846,0.7100821137428284,0.49489462834138137,0.6877990365028381,0.8127024173736572,0.6399999856948853,0.6821963787078857,0.522522509098053,0.8256227970123291,0.6180180311203003,0.5224120286958558,7.893269663304784e-06,51.2
167,0.7322716116905212,0.8339688777923584,0.6646593809127808,0.7209268808364868,0.5809210538864136,0.7766051292419434,0.7092651724815369,0.48875505133317065,0.6949760913848877,0.8129652738571167,0.6403384804725647,0.6877704858779907,0.5303738117218018,0.8078292012214661,0.637837827205658,0.5251372307538986,7.50274003530953e-06,52.94
168,0.7280648946762085,0.8314926028251648,0.6626909971237183,0.7174516916275024,0.5741039514541626,0.7836050987243652,0.699338972568512,0.4945625430689408,0.6961722373962402,0.8119906187057495,0.6392045617103577,0.6884039640426636,0.5319148898124695,0.8007117509841919,0.6432432532310486,0.5231441993798528,7.122819337828752e-06,53.06
169,0.7277644276618958,0.8342741131782532,0.6602924466133118,0.7165839672088623,0.5751143097877502,0.7750880122184753,0.7032390236854553,0.4911548627110628,0.6973684430122375,0.8128883838653564,0.6441631317138672,0.6904478073120117,0.5325581431388855,0.8149465918540955,0.637837827205658,0.5212965746011052,6.753601310609673e-06,51.33
170,0.7330228090286255,0.8373225927352905,0.6667916774749756,0.7220410108566284,0.5812357068061829,0.7818821668624878,0.7076677083969116,0.4857522558707457,0.6961722373962402,0.8154019117355347,0.6452513933181763,0.6897804737091064,0.5310344696044922,0.8220640420913696,0.6324324607849121,0.5293311061603683,6.395177052675794e-06,52.08
171,0.7339242696762085,0.8354673385620117,0.6677921414375305,0.7229450941085815,0.5818895101547241,0.783450722694397,0.7082573175430298,0.49006294602384937,0.6806219816207886,0.8099387884140015,0.6357434988021851,0.6756992340087891,0.5154867172241211,0.8291814923286438,0.6054053902626038,0.5344759747385979,6.04763499984953e-06,51.09
172,0.7336238026618958,0.8391950726509094,0.6702622175216675,0.7234108448028564,0.5811028480529785,0.7917398810386658,0.7034246325492859,0.48436797152344996,0.6913875341415405,0.8135872483253479,0.6376404762268066,0.6844452619552612,0.5266821384429932,0.8078292012214661,0.6324324607849121,0.5302847341767379,5.7110609029320404e-06,52.09
173,0.7375300526618958,0.8393619060516357,0.6710600852966309,0.7263561487197876,0.5863770842552185,0.7843309640884399,0.7132755517959595,0.4832739056302951,0.6997607946395874,0.8139848113059998,0.6459802389144897,0.6926681995391846,0.5350467562675476,0.8149465918540955,0.6414414644241333,0.528058437364442,5.385537806545468e-06,51.95
174,0.737229585647583,0.839830219745636,0.6733893752098083,0.726791501045227,0.5848199725151062,0.7935739159584045,0.7080292105674744,0.48229780392004895,0.6961722373962402,0.8179090023040771,0.6371428370475769,0.6879129409790039,0.5322195887565613,0.7935943007469177,0.6468468308448792,0.5268814111394542,5.071146028642943e-06,51.79
175,0.7388821840286255,0.8397413492202759,0.6719516515731812,0.7275406122207642,0.5886243581771851,0.7827616333961487,0.7161113619804382,0.4849377813247534,0.6866028904914856,0.8065018653869629,0.6361111402511597,0.6804505586624146,0.5216400623321533,0.8149465918540955,0.6216216087341309,0.5388236524803298,4.767963140691316e-06,47.81
176,0.731520414352417,0.8346557021141052,0.6646650433540344,0.7204071879386902,0.5791366696357727,0.779832661151886,0.706499457359314,0.4881216703126064,0.6913875341415405,0.8119072914123535,0.6335227489471436,0.6834969520568848,0.5271867513656616,0.7935943007469177,0.6396396160125732,0.5301859314952578,4.476063948531557e-06,33.22
177,0.7328726053237915,0.8362159132957458,0.6612042784690857,0.7203590869903564,0.58260577917099,0.7643171548843384,0.7165982723236084,0.48542161744374496,0.6937798857688904,0.8122599124908447,0.6434540152549744,0.6875550746917725,0.5286040902137756,0.8220640420913696,0.6288288235664368,0.5318089553288051,4.195520473921563e-06,33.08
178,0.7342247366905212,0.8363314867019653,0.6690365076065063,0.7234978079795837,0.58203125,0.7866256237030029,0.7070499658584595,0.4895816749105087,0.6973684430122375,0.811060905456543,0.6359712481498718,0.688507616519928,0.533816397190094,0.7864768505096436,0.6522522568702698,0.5269053716744695,3.9264019367658385e-06,49.22
179,0.7415865659713745,0.840135931968689,0.6737480759620667,0.72990882396698,0.5925925970077515,0.7806593179702759,0.721296489238739,0.48288041840379053,0.6985645890235901,0.8171523809432983,0.6337209343910217,0.6888116598129272,0.5356265306472778,0.7758007049560547,0.6594594717025757,0.5240141387496676,3.6687747380365063e-06,52.48
180,0.7361778616905212,0.8366526365280151,0.6642447710037231,0.7234859466552734,0.587221086025238,0.7645246386528015,0.7214872241020203,0.48583250034313935,0.6961722373962402,0.8127601146697998,0.6422535181045532,0.6891101598739624,0.5314685106277466,0.8113878965377808,0.637837827205658,0.5261399117963654,3.4227024433898994e-06,52.13
181,0.7340745329856873,0.8344554305076599,0.6691588759422302,0.7234264612197876,0.5821138024330139,0.7868131995201111,0.7066879868507385,0.4911525934361495,0.7057416439056396,0.8153634071350098,0.6317365169525146,0.693358302116394,0.5452196598052979,0.7508896589279175,0.6828829050064087,0.5298795668142182,3.1882457674826588e-06,51.1
182,0.7381309866905212,0.8345634937286377,0.6696987152099609,0.7263863682746887,0.588215708732605,0.7773867249488831,0.7177731990814209,0.49129586351605564,0.7009569406509399,0.8131576776504517,0.639769434928894,0.692072868347168,0.537530243396759,0.790035605430603,0.6558558344841003,0.5308256154613835,2.965462558991324e-06,51.15
183,0.7375300526618958,0.8410859704017639,0.6685638427734375,0.7256511449813843,0.5873333215713501,0.7758696675300598,0.7176738977432251,0.4843425489962101,0.6913875341415405,0.8147349953651428,0.640668511390686,0.6851141452789307,0.5263158082962036,0.8185053467750549,0.6270270347595215,0.526338976408754,2.7544077863390007e-06,51.66
184,0.7303184866905212,0.8369415402412415,0.6616399884223938,0.7187305688858032,0.578825831413269,0.7721073627471924,0.7086470723152161,0.48583493238458264,0.6961722373962402,0.816575288772583,0.6412429213523865,0.6888787150382996,0.5316159129142761,0.8078292012214661,0.6396396160125732,0.5204452467816216,2.5551335241327673e-06,51.85
185,0.7351261973381042,0.8360071182250977,0.6672956943511963,0.7236391305923462,0.5836910009384155,0.7788546085357666,0.7124943137168884,0.4878395472008448,0.6973684430122375,0.8163830041885376,0.6441631317138672,0.6904478073120117,0.5325581431388855,0.8149465918540955,0.637837827205658,0.5232548734971455,2.3676889403150106e-06,52.35
186,0.731370210647583,0.8368915319442749,0.6651685237884521,0.7204417586326599,0.5792563557624817,0.7810026407241821,0.7056138515472412,0.48423560364888263,0.6937798857688904,0.81268310546875,0.6414566040039062,0.6871166229248047,0.5288683772087097,0.8149465918540955,0.6324324607849121,0.5287811309099197,2.1921202840320077e-06,51.09
187,0.7423377633094788,0.842097282409668,0.6753738522529602,0.7308865785598755,0.5928879976272583,0.78452068567276,0.720447301864624,0.48104083795960134,0.6913875341415405,0.8111506700515747,0.631428599357605,0.6829982399940491,0.5274463295936584,0.7864768505096436,0.6432432532310486,0.5276473473225322,2.0284708742225903e-06,51.96
188,0.736328125,0.8388259410858154,0.67029869556427,0.7253108024597168,0.5849180221557617,0.7848657965660095,0.7111567258834839,0.48357215179846835,0.6937798857688904,0.8126447200775146,0.6394366025924683,0.6866621971130371,0.5291375517845154,0.8078292012214661,0.6360360383987427,0.5280696877411434,1.8767810889299085e-06,51.15
189,0.740234375,0.838108479976654,0.6739581227302551,0.7290380001068115,0.5901585221290588,0.7854945063591003,0.7167313694953918,0.4864956931425975,0.6997607946395874,0.814760684967041,0.6398852467536926,0.6912246942520142,0.536057710647583,0.7935943007469177,0.6522522568702698,0.5260743583951678,1.7370883553386938e-06,51.29
190,0.73046875,0.8332594633102417,0.6640449166297913,0.71950364112854,0.5780893564224243,0.780026376247406,0.7047684192657471,0.49087414145469666,0.6985645890235901,0.8126062154769897,0.6294117569923401,0.6876897811889648,0.5363408327102661,0.7615658640861511,0.6666666865348816,0.5276834331452847,1.609427140540686e-06,52.48
191,0.736328125,0.8354538083076477,0.6660323739051819,0.724104642868042,0.5870513319969177,0.7695690393447876,0.7190780639648438,0.48774305243904775,0.7021530866622925,0.814690113067627,0.6417266130447388,0.6934323906898499,0.5386473536491394,0.7935943007469177,0.6558558344841003,0.532139220408031,1.4938289430304022e-06,51.91
192,0.7388821840286255,0.8384551405906677,0.6709579825401306,0.7272598147392273,0.5887043476104736,0.7799295783042908,0.7176094651222229,0.4839507725376349,0.6937798857688904,0.809996485710144,0.6404494643211365,0.6868914365768433,0.52900230884552,0.8113878965377808,0.6342342495918274,0.5305535452706474,1.390322284933351e-06,51.46
193,0.7355769276618958,0.8402469754219055,0.6705353856086731,0.7248536348342896,0.5835776925086975,0.7879454493522644,0.7084189057350159,0.48263681909212697,0.7069377899169922,0.8193453550338745,0.6504992842674255,0.6990910768508911,0.5428571701049805,0.8113878965377808,0.6540540456771851,0.5275328494608402,1.2989327049686101e-06,51.54
194,0.737379789352417,0.8403893709182739,0.6671743988990784,0.725150465965271,0.5887096524238586,0.7697715163230896,0.7205479741096497,0.4809756582746139,0.7021530866622925,0.8132666349411011,0.6468085050582886,0.6946555376052856,0.5377358198165894,0.8113878965377808,0.6468468308448792,0.5297577902674675,1.2196827521475403e-06,52.53
195,0.7433894276618958,0.8416985273361206,0.6759013533592224,0.731758177280426,0.5938646197319031,0.7842360138893127,0.7222349047660828,0.480625431984663,0.6925837397575378,0.8114712834358215,0.6395511627197266,0.6857818365097046,0.5277777910232544,0.8113878965377808,0.6324324607849121,0.5271999463438988,1.152591980210166e-06,51.87
196,0.736328125,0.8364635705947876,0.6714098453521729,0.7256183624267578,0.5842294096946716,0.7891725301742554,0.7089415788650513,0.48775230520046675,0.6997607946395874,0.8158507347106934,0.6439716219902039,0.6922029852867126,0.5353773832321167,0.8078292012214661,0.6450450420379639,0.5260487922600338,1.0976769428005578e-06,51.35
197,0.723557710647583,0.8287484049797058,0.6587536931037903,0.7132152318954468,0.5695958733558655,0.7810026407241821,0.6937471628189087,0.4951395601607286,0.7033492922782898,0.8189413547515869,0.6395348906517029,0.6937512159347534,0.5405405163764954,0.7829181551933289,0.6630630493164062,0.5284965847219739,1.0549511893824897e-06,51.71
198,0.7298678159713745,0.8342710733413696,0.659469723701477,0.7178075313568115,0.5795605778694153,0.764938473701477,0.7116438150405884,0.48820025416520924,0.6973684430122375,0.8154980540275574,0.6431593894958496,0.6902194023132324,0.5327102541923523,0.8113878965377808,0.6396396160125732,0.5300815446036202,1.0244252618962857e-06,51.41
199,0.733323335647583,0.8376176357269287,0.6665413975715637,0.7221804857254028,0.5814487338066101,0.7808098793029785,0.7087135314941406,0.48561073495791507,0.6961722373962402,0.8166651129722595,0.6402266025543213,0.6886433362960815,0.5317646861076355,0.8042704463005066,0.6414414644241333,0.5282667412289551,1.0061066921578009e-06,51.17
